Frequency,Mean_Amplitude,Std_Amplitude,Mean_FFT_Magnitude,Std_FFT_Magnitude,Skew_Amplitude,Kurt_Amplitude,Skew_Phase,Kurt_Phase,Cyclo_Autocorr,Spectral_Entropy,PAPR,Band_Energy_Ratio
420000000.0,0.6448960443883752,0.29244446019765274,318.34158825023695,173.5000096493833,-0.029430171110383603,2.0414030442167914,-0.03665912001714229,1.7779321050369306,63611.36950407644,17.7873496031552,3.9899673751873346,0.512423471583212
Frequency,Mean_Amplitude,Std_Amplitude,Mean_FFT_Magnitude,Std_FFT_Magnitude,Skew_Amplitude,Kurt_Amplitude,Skew_Phase,Kurt_Phase,Cyclo_Autocorr,Spectral_Entropy,PAPR,Band_Energy_Ratio
144000000.0,0.5424569770245514,0.27970861164272826,270.1396957534822,157.1580907340419,0.3446754398736104,2.318964780859887,-0.04130863584902085,1.9397361520713203,45344.99512026408,17.781492692592437,5.456696426972937,0.5087781448545752
