Frequency,Mean_Amplitude,Std_Amplitude
144000000.0,0.008034458633828994,-0.0004157621470178884
144500000.0,0.008448467561287074,-0.0004815551233798782
145000000.0,0.007610597820342304,-0.0004633681494992533
145500000.0,0.007283632127350268,-0.0003716833833104908
146000000.0,0.006418233724989144,-0.00027773787695766503
420000000.0,0.0009364768789887433,-1.9871257474043198e-05
420500000.0,0.0012432697057530248,-3.739203505248633e-05
421000000.0,0.012418844795201379,0.0007815757774176386
421500000.0,0.010711119891556533,0.000426699814985272
422000000.0,0.012824596980723222,0.000261856002643928
422500000.0,0.015112388697051424,0.00012126119385390006
423000000.0,0.012722064831893167,0.00031989174237564283
423500000.0,0.006989605977516361,5.569681986953862e-05
424000000.0,0.0033452947399296336,4.212452910803445e-06
424500000.0,0.0025402517370497367,-6.58174678009292e-06
425000000.0,0.002079710611613967,-1.8548447708569178e-06
425500000.0,0.0015474357936191541,-2.515087350527282e-05
426000000.0,0.0013264711857416019,-2.3562175000052402e-05
426500000.0,0.002443129194473596,0.00019542344088184114
427000000.0,0.0006178565646363036,9.446212644960807e-06
427500000.0,0.0005598948516727327,-1.4313392812135694e-05
428000000.0,0.0005663847056769516,-2.1063300175800244e-05
428500000.0,0.0005508384143247017,-1.8850219109734395e-05
429000000.0,0.000545097972728879,-2.2467735454633907e-05
429500000.0,0.0005254471258011064,-2.474963486308096e-05
430000000.0,0.0007022841928347131,-2.5897768217277484e-05
430500000.0,0.0006913310012074085,-2.4530256621693334e-05
431000000.0,0.0008530090259277685,-1.651667878142121e-05
431500000.0,0.0009581146464062199,-1.8107564658306015e-05
432000000.0,0.0011983995524372268,-2.53941237596864e-05
432500000.0,0.0012628699548296878,-2.2642724382354574e-05
433000000.0,0.0007665130379620008,-2.9717297899900508e-05
433500000.0,0.0012878603629804062,-4.694367930896794e-05
434000000.0,0.0013351316256301443,-5.281553186894223e-05
434500000.0,0.001238498996844967,-5.723610507586528e-05
435000000.0,0.0024748079219620517,-0.0001135765119088339
435500000.0,0.0017503509044840989,-7.440518817014574e-05
436000000.0,0.0007163919672369109,-2.2809918241124133e-05
436500000.0,0.0005359165448391787,-2.5467395973211297e-05
437000000.0,0.0005303788698049854,-2.8965853884661076e-05
437500000.0,0.03544924505257379,-0.014437352531395605
438000000.0,0.04293239928873054,-0.01865976494492017
438500000.0,0.04626554274099018,-0.02048780156325959
439000000.0,0.0008613797726316423,0.000244730175343576
439500000.0,0.0006148033088386041,-2.764637742037551e-05
440000000.0,0.0018393860954372197,-9.380624278521835e-05
144000000.0,0.00796694588360965,-0.0004207610525820602
144500000.0,0.008414322948196785,-0.0004839735158581361
145000000.0,0.007618431960769238,-0.0004560726751724701
145500000.0,0.007285697896745334,-0.00037713321961941725
146000000.0,0.006463405501102003,-0.0002723195924012249
420000000.0,0.0009293687867392912,-2.0747132441705657e-05
420500000.0,0.0007967236043439267,-2.0071363070204738e-05
421000000.0,0.012832424965665348,0.0006676203293129726
421500000.0,0.013093285332281457,0.0009085755215718395
422000000.0,0.01102716568932604,0.0005177988657965003
422500000.0,0.012437889635740003,0.00042986908005051335
423000000.0,0.010855110784189334,0.00031888148823342073
423500000.0,0.0077875388169349,-3.543647682789945e-05
424000000.0,0.003145830412559401,1.4032824615754563e-05
424500000.0,0.002643953166641483,-2.7467998965622015e-05
425000000.0,0.001980737405353515,-1.2717224677293135e-05
425500000.0,0.001348680764138231,-1.2489091215322156e-05
426000000.0,0.0011632825152599366,-1.6092577930368215e-05
426500000.0,0.0008380055077878506,-2.581639054683246e-05
427000000.0,0.0005629401988433778,-2.4969747052857032e-05
427500000.0,0.0005453548684665653,-2.41208009202916e-05
428000000.0,0.0005559451209219394,-2.3401511765863318e-05
428500000.0,0.0005578681548131057,-3.8299109614371366e-05
429000000.0,0.000554685408202282,-2.5131195500563235e-05
429500000.0,0.0005743748687173421,-1.7910540172974326e-05
430000000.0,0.0007644270729442517,-2.9492432978082256e-05
430500000.0,0.0007555214536780544,-1.8108300973828837e-05
431000000.0,0.0009243315919045296,-2.8698416269220606e-05
431500000.0,0.0009839100016650608,-2.073194273850414e-05
432000000.0,0.001083725141392949,-3.238829244725484e-05
432500000.0,0.0011826968103646983,-2.8514285997671934e-05
433000000.0,0.0007601367150132587,-2.3750821822824753e-05
433500000.0,0.001317464098828373,-3.0498046735618635e-05
434000000.0,0.001144995105480216,-4.243410331915845e-05
434500000.0,0.01862064643972549,0.004049460453264073
435000000.0,0.006118926524833363,-0.0005975213109709787
435500000.0,0.02268985914357515,-0.007318412072449302
436000000.0,0.016847304941185623,-0.004190267960490421
436500000.0,0.007414936875311654,-0.001128713461040356
437000000.0,0.0006070705200607682,-3.186098303241321e-05
437500000.0,0.0005352557899292263,-1.7088450881024773e-05
438000000.0,0.000606103690168606,-3.0128058647577687e-05
438500000.0,0.0006123792289533656,-1.9712364195433323e-05
439000000.0,0.0006075420754322882,-1.9508548220651767e-05
439500000.0,0.0006406778967970008,-2.47960881965919e-05
440000000.0,0.0018599374577032701,-9.584576718034757e-05
144000000.0,0.008016114295999277,-0.0004185828654988859
144500000.0,0.00837734856503366,-0.0004913917689553116
145000000.0,0.007596839637013392,-0.0004530975571010198
145500000.0,0.007231331449613732,-0.0003635954619748789
146000000.0,0.006307099412964666,-0.000273448585430428
420000000.0,0.0009182202112668223,-1.685097414784746e-05
420500000.0,0.0009521148508600785,-3.478207276271238e-05
421000000.0,0.012823147580798557,0.0006677276237108554
421500000.0,0.013146710465451728,0.0005720252630989978
422000000.0,0.011119665810485737,0.0005147691196893426
422500000.0,0.012890967297389835,0.0005303207202837648
423000000.0,0.012808132191987728,0.0004021913978032466
423500000.0,0.005774699209818374,0.00014270676496228344
424000000.0,0.0029265562729064594,2.4937762524183168e-05
424500000.0,0.0024879862436663603,3.0632836864885604e-06
425000000.0,0.001800468879317071,-5.448277676171572e-06
425500000.0,0.0013724644583866664,-2.5826425734127917e-05
426000000.0,0.001125575819707639,-5.696342122709253e-06
426500000.0,0.0008266978979766233,-2.9427372048899014e-05
427000000.0,0.0005876752369547441,-3.340625178560285e-05
427500000.0,0.0005425967168182588,-2.7475749861822704e-05
428000000.0,0.0005437419110120798,-5.776454918243301e-06
428500000.0,0.000521775217606894,-2.147203531618059e-05
429000000.0,0.0005474493761883811,-2.19063795944699e-05
429500000.0,0.0005387886714895571,-1.624049512538242e-05
430000000.0,0.0007314210299733449,-1.938983996165679e-05
430500000.0,0.0007859946616155854,-1.8475863004872753e-05
431000000.0,0.0009338486658297673,-2.6128848513710945e-05
431500000.0,0.0010673625654389963,-3.383978648915074e-05
432000000.0,0.0011876086164925926,-3.622235377425439e-05
432500000.0,0.001181673405737729,-3.0122080939080844e-05
433000000.0,0.0007695702855869502,-2.4712618150439394e-05
433500000.0,0.0011257954599620816,-4.445483774508785e-05
434000000.0,0.001258305940717362,-3.861338228585505e-05
434500000.0,0.001178127159164826,-4.5149094822535644e-05
435000000.0,0.0012279155139116817,-5.157725513995812e-05
435500000.0,0.0005675460663955576,-2.0508857006843557e-05
436000000.0,0.0005525169822234329,-1.8887229818566667e-05
436500000.0,0.0005217550115368009,-2.34648344151128e-05
437000000.0,0.000502900324733994,-2.1085492444105735e-05
437500000.0,0.0005396539661912914,-2.3235911458361507e-05
438000000.0,0.0005913829323760972,-2.5054101712557723e-05
438500000.0,0.0005789677364276738,-1.4686701543632704e-05
439000000.0,0.000557123953189268,-2.0433614155511914e-05
439500000.0,0.0006186692448572772,-2.740561868208065e-05
440000000.0,0.001845639776041611,-9.053072406437672e-05
144000000.0,0.00802207981127019,-0.0004353818322368648
144500000.0,0.008332085656458996,-0.0004717821890804076
145000000.0,0.007471762155985525,-0.0004589075061155034
145500000.0,0.0071797467394665885,-0.00036832311273563966
146000000.0,0.006268532556615922,-0.00025473434967223426
420000000.0,0.0008980280324126734,-2.412931122740573e-05
420500000.0,0.0007635480442546109,-2.579284051511363e-05
421000000.0,0.01618005658918436,0.0009120584030019706
421500000.0,0.01691658532845773,0.0002642210698100538
422000000.0,0.010986329514266575,0.0005276231531032589
422500000.0,0.010610478056849353,0.00048172077088119193
423000000.0,0.008895014670560232,0.00031780009512908866
423500000.0,0.006250904674537726,7.536753533381874e-05
424000000.0,0.003021120988400513,3.2700125514817597e-05
424500000.0,0.002558697643723201,1.1323322973253109e-05
425000000.0,0.002354368770360002,-7.766293557621984e-06
425500000.0,0.001724867993381638,-3.8520178874195624e-05
426000000.0,0.0011123612544003607,-1.792837544826732e-05
426500000.0,0.0008471066049729144,-2.631687776594334e-05
427000000.0,0.0005783356905569093,-1.9643742603387597e-05
427500000.0,0.0005477074646105873,-2.350083765871358e-05
428000000.0,0.0005697329000977886,-2.2001353040446034e-05
428500000.0,0.0005734440743419443,-2.8119462725165374e-05
429000000.0,0.0005537062425040858,-2.2395866107951395e-05
429500000.0,0.0005684339241096145,-2.7831568876919392e-05
430000000.0,0.0008078385872998653,-3.427950603069409e-05
430500000.0,0.0008742375779559891,-2.454870749044757e-05
431000000.0,0.0010044530083716384,-3.0327850593899104e-05
431500000.0,0.0010405280993043468,-3.40549537453622e-05
432000000.0,0.0012195692657967331,-2.5691155426976623e-05
432500000.0,0.0012117923803147581,-3.1808753101319944e-05
433000000.0,0.0008254509274912452,-2.156818999978318e-05
433500000.0,0.0012549895125282655,-3.772541873196941e-05
434000000.0,0.0012867363179584856,-4.7999559838271945e-05
434500000.0,0.0011092176370634498,-4.6462526986058134e-05
435000000.0,0.0011731046698277357,-4.032277019616512e-05
435500000.0,0.0005966197237506415,-2.474090325746276e-05
436000000.0,0.0005613444479571251,-2.7989749729642646e-05
436500000.0,0.0005563617555723318,-2.044465004686212e-05
437000000.0,0.000555980258441904,-1.9319998201290108e-05
437500000.0,0.0005529865525753066,-2.7371745331232543e-05
438000000.0,0.0005992107240897126,-3.2459085448875334e-05
438500000.0,0.0006034534532461495,-2.734987671008338e-05
439000000.0,0.000574452841859992,-1.805846727688683e-05
439500000.0,0.0006538381582364766,-2.2888582659981124e-05
440000000.0,0.001908953707378613,-9.556283274761348e-05
144000000.0,0.008025770903900572,-0.0004095200534826402
144500000.0,0.00835137932879763,-0.00044959656517364055
145000000.0,0.007479103699974916,-0.00044600754266449624
145500000.0,0.007219284211834839,-0.00037823453531763383
146000000.0,0.006222939238523581,-0.00027030145402310007
420000000.0,0.0009904479050060857,-2.48006928854477e-05
420500000.0,0.0012476281427055546,-4.773345006486786e-05
421000000.0,0.014606337881996632,0.0005508413462634821
421500000.0,0.010677260459799505,0.00037657618240751443
422000000.0,0.00957412162655066,0.00039654425253538364
422500000.0,0.013682934808969108,0.0001772780110750943
423000000.0,0.010855193329792002,0.000287192632616836
423500000.0,0.005609627720203511,9.47396725513687e-05
424000000.0,0.0029125710777364736,3.528148076734788e-05
424500000.0,0.0024125115905282253,1.2695134467998002e-05
425000000.0,0.0019325624762597156,-1.217245538039243e-05
425500000.0,0.0013913295303368764,-1.6326801689219342e-05
426000000.0,0.0012607932186216048,-2.473337598390892e-05
426500000.0,0.0008890604870106244,-2.9335078033719097e-05
427000000.0,0.0006210415065703505,-2.947114794766962e-05
427500000.0,0.0005919633175834186,-2.3086379129458638e-05
428000000.0,0.0005755251261422427,-1.7857934698546998e-05
428500000.0,0.0005651528746554563,-2.4231349194684065e-05
429000000.0,0.000581357604616905,-3.0038537602026236e-05
429500000.0,0.0005768052292990667,-3.192780088259045e-05
430000000.0,0.0007251422373570754,-2.735311694320781e-05
430500000.0,0.0007883753856679436,-2.2409820046887527e-05
431000000.0,0.0008780556904241063,-1.2961156601515203e-05
431500000.0,0.0010407485864196203,-3.0933779277067866e-05
432000000.0,0.001115750316656355,-2.3502907200298993e-05
432500000.0,0.001168132272228902,-3.5598584218913935e-05
433000000.0,0.0007735948674386924,-3.307914909484079e-05
433500000.0,0.0013765224703747901,-4.679536679545542e-05
434000000.0,0.0012242894775901718,-3.192313782016424e-05
434500000.0,0.0011702379828992398,-3.78230185509605e-05
435000000.0,0.0011530725438021914,-5.113387154071484e-05
435500000.0,0.0005590490734320774,-2.498744798658294e-05
436000000.0,0.0005317659966551357,-3.369776704343917e-05
436500000.0,0.000538306934120994,-2.0147275416119255e-05
437000000.0,0.0005470961821796886,-2.0126655966657298e-05
437500000.0,0.0005461185195454154,-2.3458895905840445e-05
438000000.0,0.0006015184680958945,-2.179671560747411e-05
438500000.0,0.0006148479043773473,-2.4078673391650786e-05
439000000.0,0.0006106597388039763,-2.2077805622002037e-05
439500000.0,0.0006222071817646529,-3.2303038912558037e-05
440000000.0,0.001889646656123058,-9.48011571780884e-05
144000000.0,0.007951580295510354,-0.00042036608179669543
144500000.0,0.008217771147389408,-0.0004662090615114014
145000000.0,0.007484112789727718,-0.00044597955454727094
145500000.0,0.007154795648036673,-0.0003712206179948153
146000000.0,0.006218340346403199,-0.0002718938332034325
420000000.0,0.0009502033448230267,-1.7220163586130564e-05
420500000.0,0.0012391953338200742,-2.964386073398852e-05
421000000.0,0.022948246149183886,0.00027261131845010556
421500000.0,0.028946475073266163,-1.7986626556323534e-05
422000000.0,0.011642160178186336,0.0006269983863827064
422500000.0,0.009573688049542598,0.0004133980838981555
423000000.0,0.009939086628805481,0.0005045475315868997
423500000.0,0.005763996538921898,0.000153520770118079
424000000.0,0.0027679129491908427,3.6219039386267346e-06
424500000.0,0.0022698180222407533,2.0307973613293943e-06
425000000.0,0.0018978937376911869,-1.0824563846535532e-05
425500000.0,0.0015187696557222047,-2.2664102233005304e-05
426000000.0,0.0013192411497376087,-2.3931544433056077e-05
426500000.0,0.0009108757029910557,-3.066952372530985e-05
427000000.0,0.0005738749150939992,-2.207156790455674e-05
427500000.0,0.0007815442719141839,-2.185869348204965e-05
428000000.0,0.0013713936728126457,-4.5572094661584144e-05
428500000.0,0.0018039735223971095,-4.849711621272108e-05
429000000.0,0.0017928768702041079,-5.486481180185367e-05
429500000.0,0.002433050531156527,-6.262551050538684e-05
430000000.0,0.0047964891785009225,-0.0002035784850676354
430500000.0,0.0008261745267057288,-1.771618830536737e-05
431000000.0,0.0009462733324827093,-2.3737893502148103e-05
431500000.0,0.0010548030775964481,-2.7707468464120385e-05
432000000.0,0.0011348016064993505,-3.590587999759273e-05
432500000.0,0.0011669859457831395,-2.942555430557965e-05
433000000.0,0.0007707130773326944,-2.8738579331680876e-05
433500000.0,0.0012869150302693474,-4.640548493977704e-05
434000000.0,0.0011187693582804421,-3.407235283986714e-05
434500000.0,0.0012900757228949716,-5.991517281225193e-05
435000000.0,0.0013209154443250273,-4.221532344436565e-05
435500000.0,0.0005485998497224333,-2.3297468074987113e-05
436000000.0,0.00050502697656065,-2.4633454302705135e-05
436500000.0,0.0005047906772406736,-1.5476588419508213e-05
437000000.0,0.0004993921716859495,-1.999740533189655e-05
437500000.0,0.000514624872621433,-2.8811923626928635e-05
438000000.0,0.005020735394407664,0.0015421568279714972
438500000.0,0.0031100805250258066,0.0007053626734410431
439000000.0,0.0005864234252539003,-1.3888305871902391e-05
439500000.0,0.0006271653598950306,-1.614658088826867e-05
440000000.0,0.0018457065459815737,-9.675092320494483e-05
144000000.0,0.007940610198649887,-0.00041801524402617155
144500000.0,0.008172102324543348,-0.00045303130751950596
145000000.0,0.00746133992637516,-0.0004406664114295464
145500000.0,0.007179560245935411,-0.00036816321720058035
146000000.0,0.0061785560304575965,-0.00024392954555111897
420000000.0,0.0008986164295881234,-2.0876997193764054e-05
420500000.0,0.0012355057343728308,-3.2851912643088246e-05
421000000.0,0.011117852899603018,0.0008236214670991285
421500000.0,0.011420702980965142,0.0003352676492524593
422000000.0,0.008947181269293517,0.000522998534002068
422500000.0,0.010266753019516418,0.0005054064361922237
423000000.0,0.010064423242294458,0.00022762418729534595
423500000.0,0.005565460503200194,9.599199079589902e-05
424000000.0,0.0028542358449242847,1.0274544215936425e-05
424500000.0,0.002091830685664082,-2.423209600250229e-06
425000000.0,0.0020988279344960267,-1.752819132469041e-05
425500000.0,0.001838288939763806,-3.743893935373498e-05
426000000.0,0.0012821992184152279,-2.041493889636133e-05
426500000.0,0.0008661611257194911,-2.3723656298537722e-05
427000000.0,0.0005688610796491012,-1.9963378037268602e-05
427500000.0,0.0005388339783864678,-2.1762918771814094e-05
428000000.0,0.000540849810379923,-1.818370375909092e-05
428500000.0,0.0005576871599846573,-3.086917672209127e-05
429000000.0,0.000550352369650093,-8.278182299563755e-06
429500000.0,0.0005639160832575019,-2.0824514952731026e-05
430000000.0,0.0006755403953675493,-2.083966446703682e-05
430500000.0,0.0008525613465163864,-3.092261660696575e-05
431000000.0,0.0009001412966865305,-1.5276971437891494e-05
431500000.0,0.0010123081883175087,-2.2178702680058322e-05
432000000.0,0.0011926217262615694,-3.0492648241769744e-05
432500000.0,0.0011844041274447778,-2.7910953898244053e-05
433000000.0,0.0007544878172710344,-3.490687221648352e-05
433500000.0,0.001241963192917237,-3.4572675270910336e-05
434000000.0,0.0014003595429514454,-4.2197116183028804e-05
434500000.0,0.001405734662694703,-3.62552384255714e-05
435000000.0,0.0012955257470420034,-6.20046319538e-05
435500000.0,0.0005459290157911393,-2.1562521563754026e-05
436000000.0,0.0005445968509954556,-2.2675705334121942e-05
436500000.0,0.0005267183847893443,-1.7760030537987957e-05
437000000.0,0.000519998503713527,-2.4652463450173373e-05
437500000.0,0.0005095916502915066,-3.316232288003902e-05
438000000.0,0.0005976979876352889,-2.179571572963237e-05
438500000.0,0.0005775185237066347,-2.4408209718618706e-05
439000000.0,0.0005793055074786687,-2.0065149816974302e-05
439500000.0,0.0006183811577557019,-2.50269126461739e-05
440000000.0,0.0018334312065232913,-9.014618462409524e-05
144000000.0,0.007837562020225104,-0.00039345075871221463
144500000.0,0.008072156718638174,-0.0004591003977757707
145000000.0,0.007381342720922839,-0.0004507475457438451
145500000.0,0.007113173556932838,-0.000369113032801465
146000000.0,0.006121269953951902,-0.0002608802881043093
420000000.0,0.0009068042593351343,-2.779622164204214e-05
420500000.0,0.0012188034816319805,-3.643611964944935e-05
421000000.0,0.012564998950039992,0.0006956916964097459
421500000.0,0.008315921382047838,0.000454898338793289
422000000.0,0.010984533944053092,0.0009191684224625976
422500000.0,0.01076965842727441,0.0006093500458763095
423000000.0,0.010982665486321283,0.00021836938398958616
423500000.0,0.007943664327595879,7.993562011064832e-06
424000000.0,0.003060608480285997,1.476403994888644e-05
424500000.0,0.00244150548818377,-5.493533437619458e-06
425000000.0,0.002699134203930257,-4.0481090115407955e-05
425500000.0,0.0027367221947246284,-5.5439965291710505e-05
426000000.0,0.0024744017632089225,-6.409884965358041e-05
426500000.0,0.0015198216370437966,-3.204112474014466e-05
427000000.0,0.0008649246872031364,-3.061369066731986e-05
427500000.0,0.0008512884265941434,-2.0241682590497903e-05
428000000.0,0.0006703195834886198,-2.968753263268484e-05
428500000.0,0.0005100961165405855,-1.7657870025693874e-05
429000000.0,0.0005324525967175822,-1.282169090526306e-05
429500000.0,0.0005443605820680707,-2.4878500962213323e-05
430000000.0,0.0007904739177846554,-1.6772056408807985e-05
430500000.0,0.0008425090597323871,-2.9172528635150734e-05
431000000.0,0.0011099120213839775,-1.685355500766569e-05
431500000.0,0.0009678356342357349,-2.8092350368895695e-05
432000000.0,0.0011688294582543432,-1.8854744949409132e-05
432500000.0,0.0012100111608209032,-3.835212161939979e-05
433000000.0,0.0007312835098647172,-2.100668542974872e-05
433500000.0,0.0013526472622675061,-5.589566986325138e-05
434000000.0,0.0701535379849458,0.05215231847445656
434500000.0,0.179960732855799,0.052596191434085005
435000000.0,0.008925170939885735,-0.0019554405619419887
435500000.0,0.01799366758148936,-0.004892569799115896
436000000.0,0.021363296267233482,-0.006884911840270201
436500000.0,0.020855056696895937,-0.007679235397081907
437000000.0,0.0008160172220121121,0.00023083297733695013
437500000.0,0.00050739594833939,-2.7046016988161852e-05
438000000.0,0.0005899840822696008,-2.722209872211965e-05
438500000.0,0.0005727958387520326,-2.718091052009798e-05
439000000.0,0.00057258358672564,-1.774977374630559e-05
439500000.0,0.0006371336363368085,-1.8262006275054812e-05
440000000.0,0.0018671191188646958,-8.981529010388333e-05
144000000.0,0.007935528712035893,-0.0004169973252857789
144500000.0,0.008118776096484141,-0.00047345106694130163
145000000.0,0.00742932890808822,-0.000429698612566992
145500000.0,0.0071964645237631505,-0.0003848125312829382
146000000.0,0.006156743640119754,-0.0002697319570949819
420000000.0,0.0009059782513830404,-1.2896694354300815e-05
420500000.0,0.001185940928702069,-3.296293951324659e-05
421000000.0,0.012793580794686406,0.0005501871904643523
421500000.0,0.01165185675986866,0.0004228818854579014
422000000.0,0.008766664584171448,0.0007836886560173774
422500000.0,0.008876693900400388,0.0006867239668421178
423000000.0,0.012742171044278683,0.0004835662874201792
423500000.0,0.006139132121454597,9.134706991222779e-05
424000000.0,0.0026617685341395235,3.379134560404194e-05
424500000.0,0.0022061195986373284,-4.354468089773139e-07
425000000.0,0.0016959000181944526,-1.0742520417701771e-05
425500000.0,0.001317424228518057,-7.529839669886398e-06
426000000.0,0.0013844672268948557,-2.4093959143211782e-05
426500000.0,0.0008693412086999045,-2.8262152391028326e-05
427000000.0,0.0005570826208563396,-2.7135970087378987e-05
427500000.0,0.0005189228497592798,-9.50553694848349e-06
428000000.0,0.000525690319718158,-2.2259481370333735e-05
428500000.0,0.0004975801673825673,-1.935736135812979e-05
429000000.0,0.0005055708957267945,-3.0062791482601137e-05
429500000.0,0.0005273654271186375,-2.939025070174738e-05
430000000.0,0.0007388333111729748,-3.51029407122966e-05
430500000.0,0.0007727808689923722,-2.6869879778374558e-05
431000000.0,0.0008993685388597772,-2.282996810904956e-05
431500000.0,0.0010257386420704597,-3.5530253873241365e-05
432000000.0,0.0011154286434599584,-3.718080695592097e-05
432500000.0,0.0011721569808535563,-3.2784193046575744e-05
433000000.0,0.0007953085175956791,-1.3399485641811255e-05
433500000.0,0.0013276681479952777,-5.173380414837949e-05
434000000.0,0.0014301777138362468,-4.428172561726817e-05
434500000.0,0.0012082075164466255,-5.735478315543896e-05
435000000.0,0.0013034383367120535,-5.8367037858371744e-05
435500000.0,0.000537160895864071,-2.6236264708584734e-05
436000000.0,0.0005293787416528654,-1.8822951041928604e-05
436500000.0,0.0005260735244706971,-2.5845659144766608e-05
437000000.0,0.0005394740483540902,-2.4088430738913793e-05
437500000.0,0.0004972149606207674,-2.0546786723627355e-05
438000000.0,0.0005612495323952638,-1.5193145237537642e-05
438500000.0,0.0005737571180596301,-2.2571852787484548e-05
439000000.0,0.0005618589198511211,-1.0238091008988871e-05
439500000.0,0.0005830006498739763,-2.370086590541167e-05
440000000.0,0.0018601498366398372,-7.890345276563061e-05
144000000.0,0.007962825962577415,-0.00040534295084915543
144500000.0,0.008127728881331574,-0.000451813793293425
145000000.0,0.007770253214695933,-6.146703248495781e-05
145500000.0,0.007260295001514435,-0.00038947761645527924
146000000.0,0.006203566597478333,-0.0002525222808511156
420000000.0,0.0009028464446590893,-5.965025482423979e-06
420500000.0,0.0012007502098540582,-3.5948295301821355e-05
421000000.0,0.016569717548843083,0.0009758355419833267
421500000.0,0.01698928485061141,0.00017717919499538916
422000000.0,0.014352514647433976,0.000354457217969199
422500000.0,0.011242862621150153,0.00032150432699264327
423000000.0,0.010940500172287204,0.0001824500896524632
423500000.0,0.00587742278881292,2.4952397956870542e-05
424000000.0,0.003142175288748823,1.126906249189854e-05
424500000.0,0.002298086147983726,7.712579489617746e-06
425000000.0,0.0020106176069629882,-1.8342032829616163e-05
425500000.0,0.0014728575034607912,-1.4659842241737599e-05
426000000.0,0.0011774299868756713,-1.1495168127629478e-05
426500000.0,0.0008452356658475122,-1.8290754007142546e-05
427000000.0,0.0005488447084408694,-1.5357232725566244e-05
427500000.0,0.0005423772113543736,-1.5576940799058803e-05
428000000.0,0.0005014959464712874,-2.203449335128234e-05
428500000.0,0.0005217071963789588,-2.251499868741126e-05
429000000.0,0.0005333222763271792,-1.9144420510851202e-05
429500000.0,0.0005198364674178568,-2.5892957747945203e-05
430000000.0,0.0006971261437211706,-2.1962563007958983e-05
430500000.0,0.011078525039200142,0.005878331887130179
431000000.0,0.005660670188862558,0.002671698852414809
431500000.0,0.0009154424067865137,-2.655512634267812e-05
432000000.0,0.0010407372392044322,-2.552297384393658e-05
432500000.0,0.0010669435775062346,-2.3840817033470734e-05
433000000.0,0.0007144994285064254,-2.2072783154748396e-05
433500000.0,0.0013469218691825897,-5.1978670055789766e-05
434000000.0,0.0012634311469805015,-4.6067745625129894e-05
434500000.0,0.0012668433381651332,-5.6157116461500855e-05
435000000.0,0.0012935833734200937,-5.301936236153321e-05
435500000.0,0.0004911490881012485,-3.367269833909735e-05
436000000.0,0.0004763659729525053,-2.6680655153450488e-05
436500000.0,0.0004854368611309234,-2.5871163625343482e-05
437000000.0,0.0005027945706730796,-1.625717993797437e-05
437500000.0,0.00048486056456140613,-1.959849714302443e-05
438000000.0,0.0005378465570526666,-2.3920137445398732e-05
438500000.0,0.0005472480371882054,-2.8710288137319005e-05
439000000.0,0.0005338498880880854,-3.0616324228068e-05
439500000.0,0.0006077244365791584,-2.077851367404107e-05
440000000.0,0.0018690393010940077,-8.453552856007099e-05
144000000.0,0.007767350581043504,-0.0004134835047898463
144500000.0,0.008024289639824031,-0.0004676753889129551
145000000.0,0.007055220430835348,-0.0004024469180240117
145500000.0,0.007777912047243388,-0.00035854857943223893
146000000.0,0.006845232670720528,-0.0002578037658645914
420000000.0,0.0008546159220841584,-3.117461632704509e-05
420500000.0,0.0011582010980243627,-3.496113105414965e-05
421000000.0,0.020137660153262238,0.00033510518050791985
421500000.0,0.010655817165507477,0.0004319293872778055
422000000.0,0.011487205681745384,0.00031920359466513885
422500000.0,0.012175729747024555,0.00019842589998087662
423000000.0,0.009989366695898335,0.00013102700699092404
423500000.0,0.006744736714859638,1.1223782919104856e-06
424000000.0,0.0031696310473790013,9.2094055997409e-06
424500000.0,0.002398876986811059,-8.255583921430503e-06
425000000.0,0.001901015408320544,-3.3669889866466815e-06
425500000.0,0.0017924003438042069,-3.709829890903723e-05
426000000.0,0.001464527318198903,-4.17053430646462e-05
426500000.0,0.0009154342096136982,-2.3877567555732394e-05
427000000.0,0.0005397135719964788,-2.206786881161376e-05
427500000.0,0.0005201096103606816,-2.2208199493178014e-05
428000000.0,0.00048198730271819574,-1.4698104383408683e-05
428500000.0,0.0004883457799705285,-1.7762389774568765e-05
429000000.0,0.00048303897890762605,-1.621107507593982e-05
429500000.0,0.0004733343847856136,-2.3222754978518385e-05
430000000.0,0.0006263071849315099,-2.244731135472405e-05
430500000.0,0.0007236896629812747,-2.5477435262281987e-05
431000000.0,0.0009166569454887976,-3.319505520057813e-05
431500000.0,0.0010039717743413343,-2.2798576914345107e-05
432000000.0,0.0011547286981722505,-2.9846949709508882e-05
432500000.0,0.0011133735323238317,-1.9419877673159313e-05
433000000.0,0.0007674788493668649,-2.64555639144608e-05
433500000.0,0.0013346319619396503,-5.1338961576554874e-05
434000000.0,0.0011569332906781623,-4.3508481776320814e-05
434500000.0,0.001395566804667585,-5.150699094682112e-05
435000000.0,0.0012601792059043955,-5.252904763192461e-05
435500000.0,0.0005348793114576071,-3.130621070156659e-05
436000000.0,0.0005103133426680266,-2.3651252490246804e-05
436500000.0,0.00045565387689709246,-1.9719286094904703e-05
437000000.0,0.0004576073390928677,-2.6724473450283234e-05
437500000.0,0.00045662165804679597,-1.2858555684391708e-05
438000000.0,0.0005145427750223298,-1.0029555012794887e-05
438500000.0,0.0005369829804656666,-1.5502148358987586e-05
439000000.0,0.000534462469496601,3.282442307879263e-05
439500000.0,0.000565288251278974,-1.7243086408969455e-05
440000000.0,0.0018110657134910533,-9.153294566856328e-05
144000000.0,0.00793882613005288,-0.00042210465210687064
144500000.0,0.008138184813107106,-0.00045455096186538353
145000000.0,0.012434692597358996,-0.0008298207520726977
145500000.0,0.011818517302549455,-0.0006182931066599793
146000000.0,0.011077808286819436,-0.0006453168681814512
420000000.0,0.0009324852021612606,-6.945031486703661e-06
420500000.0,0.0007313358779813504,-2.872663448132628e-05
421000000.0,0.011497045382480265,0.00047228664523884904
421500000.0,0.012611995498809979,0.0001237268484279479
422000000.0,0.013168305353426042,0.00013552648720845974
422500000.0,0.01386394805627158,6.166619455775027e-06
423000000.0,0.012941046349239954,-5.2633502549263335e-05
423500000.0,0.008123386373554175,4.547345110626679e-05
424000000.0,0.0029415783259423454,3.4044950001397645e-05
424500000.0,0.0022056105099974776,-8.318458226582977e-07
425000000.0,0.0018182864126881416,-3.6649354814927365e-06
425500000.0,0.0013698951210783551,-1.6303894592282152e-05
426000000.0,0.0011591216011247062,-2.9430944238801346e-05
426500000.0,0.00212634680883074,0.00013795354266888857
427000000.0,0.0009067520789626487,0.00012481191108901647
427500000.0,0.0005358897286356582,-2.217419186514055e-05
428000000.0,0.0005790395851166566,-2.2397136578044158e-05
428500000.0,0.0005429714418037747,-1.9073076721298868e-05
429000000.0,0.0005089115207643084,-1.893135252112999e-05
429500000.0,0.00048683659809424035,-1.8319510191924148e-05
430000000.0,0.0006669827061918682,-1.8063481878987362e-05
430500000.0,0.0007165355895404038,-2.6821109708660457e-05
431000000.0,0.0008891733868694455,-2.160334727000266e-05
431500000.0,0.0010081565164808978,-3.1164405021516625e-05
432000000.0,0.0011571221908237206,-3.632423689500807e-05
432500000.0,0.0011942933236039127,-2.4155650125939887e-05
433000000.0,0.0007180284426764976,-2.783278956064797e-05
433500000.0,0.0012462919856032844,-5.2354174727182166e-05
434000000.0,0.0013449896658094466,-5.257892920869356e-05
434500000.0,0.0013796471493813345,-5.770074091097162e-05
435000000.0,0.0012337652288979355,-4.871035661600375e-05
435500000.0,0.0005239819176677887,-1.5603192114172626e-05
436000000.0,0.0005016881356096314,-1.1837700473081071e-05
436500000.0,0.000496142533982164,-2.8705458220322028e-05
437000000.0,0.0004813707553330482,-1.2620471706586224e-05
437500000.0,0.0004889743792446858,-1.846831146982015e-05
438000000.0,0.0005557198751029858,-1.5001115452480313e-05
438500000.0,0.0005683211768516598,-3.142816130833744e-05
439000000.0,0.0005689993929221948,-2.3166523874505274e-05
439500000.0,0.000620622687290947,-2.2259230111980745e-05
440000000.0,0.0018495280376159351,-9.076334173142918e-05
144000000.0,0.007904821974001745,-0.0004268252351741588
144500000.0,0.007956764294476814,-0.0004472895345960389
145000000.0,0.007500231412068803,-0.0004704860211237152
145500000.0,0.007169425215569612,-0.0003783258056796685
146000000.0,0.005916951199008788,-0.00024315221744006027
420000000.0,0.0008838207920729636,-1.946284932792297e-05
420500000.0,0.0011977725970502727,-3.5538577691120686e-05
421000000.0,0.012962809430418987,0.0009451170711040754
421500000.0,0.011047184227619168,0.00043398975024771386
422000000.0,0.014229989904470405,5.998923459250502e-05
422500000.0,0.015830472460840947,0.00022678314343055686
423000000.0,0.01048676458477597,0.0001448456142591299
423500000.0,0.007069761529989924,5.116151488899611e-05
424000000.0,0.0034599676494623216,-1.3407805384025315e-05
424500000.0,0.002849931528140795,6.173900263537922e-06
425000000.0,0.002179085430890501,-2.7684920930500087e-05
425500000.0,0.0018535692873849386,-3.062639955914528e-05
426000000.0,0.00154906888554002,-2.8535664707351766e-05
426500000.0,0.0008476987834097889,-3.30665091896632e-05
427000000.0,0.0005208944450226918,-1.8946104184470016e-05
427500000.0,0.0005241145978513913,-1.893572633695931e-05
428000000.0,0.0005109609886615014,-1.9811654974149627e-05
428500000.0,0.0004937144965710172,-2.1243757224427692e-05
429000000.0,0.0005119813498352886,-2.3149251271507566e-05
429500000.0,0.0005202319896791103,-1.9834495800728747e-05
430000000.0,0.0006901896742005765,-3.072266072713984e-05
430500000.0,0.0007176549070988002,-2.7026038886847987e-05
431000000.0,0.0008545041797768553,-2.5602309690043524e-05
431500000.0,0.0008961119152181692,-2.8773208721393417e-05
432000000.0,0.001210722786905826,-2.9175091900458046e-05
432500000.0,0.0011104824200715308,-2.8874455598662985e-05
433000000.0,0.0007405216593769732,-2.5607601191909542e-05
433500000.0,0.0011892207158495476,-3.9770272396478536e-05
434000000.0,0.0019726311205440494,-1.3982472859169195e-05
434500000.0,0.0011975857307355068,-4.880717790423062e-05
435000000.0,0.0011865206643743287,-4.6179910783795584e-05
435500000.0,0.0007627095954128902,7.845070061856423e-05
436000000.0,0.0010224900370868462,4.336818711444439e-05
436500000.0,0.0005793355199748728,-9.11437268317285e-06
437000000.0,0.0004754044929352656,-2.7874610898999055e-05
437500000.0,0.0005089643056965451,-1.98637037961255e-05
438000000.0,0.0005784914234574601,-2.879347167199391e-05
438500000.0,0.0005678670339842235,-1.5323477690448126e-05
439000000.0,0.0005302580472344716,-2.5530557156914254e-05
439500000.0,0.0006052691971170893,-1.9580409073723272e-05
440000000.0,0.001840431201117852,-8.774078271867416e-05
144000000.0,0.008030585319047443,-0.00043319605955263654
144500000.0,0.00810652320089838,-0.0004696622970074083
145000000.0,0.007350629272609794,-0.00043969292087542864
145500000.0,0.007146873875770507,-0.00035445204005352896
146000000.0,0.0060408038464871095,-0.0002715076545655327
420000000.0,0.0008585226760826738,-2.921748439257141e-05
420500000.0,0.0012376934534140335,-4.7938667614176806e-05
421000000.0,0.01048141582020665,0.0008342327527217286
421500000.0,0.015006680146009609,0.0004532755780454565
422000000.0,0.012508230813747896,0.000554169477731457
422500000.0,0.009254114486021394,0.00042053050766161556
423000000.0,0.009908727059476524,0.000295815344960571
423500000.0,0.006663558731291901,0.00010510387737476534
424000000.0,0.0029096278991991653,7.96004918287305e-06
424500000.0,0.0027445985600795908,-3.167726020028572e-05
425000000.0,0.0026363531390896245,-3.26366574071031e-05
425500000.0,0.0014368217036781592,-2.6481261528740687e-05
426000000.0,0.0012119252298937126,-2.6758595776912603e-05
426500000.0,0.0009191982543433707,-2.7472643859215845e-05
427000000.0,0.0005490860031912114,-2.6347517832749225e-05
427500000.0,0.0005200753247041057,-1.964825520921811e-05
428000000.0,0.0005309017141897303,-2.497718409139656e-05
428500000.0,0.0005070657160459139,-2.904541045967214e-05
429000000.0,0.000524210192190878,-1.3052018701867552e-05
429500000.0,0.0005247144305827521,-2.038409950252555e-05
430000000.0,0.0006506284212946731,-2.3052194720276004e-05
430500000.0,0.0007714023199319555,-2.90654389596528e-05
431000000.0,0.0008969696944578699,-3.0369608418193627e-05
431500000.0,0.0009245452079296053,-2.4574718112477332e-05
432000000.0,0.001106139397326031,-3.0391354695458877e-05
432500000.0,0.0011583908810438451,-2.9793517103877856e-05
433000000.0,0.0007368860715105013,-2.7087320329796834e-05
433500000.0,0.0012217601889067137,-4.630730155208521e-05
434000000.0,0.0012716577497050362,-3.964453628900206e-05
434500000.0,0.0012199818292301895,-4.2390676951722006e-05
435000000.0,0.005637900309768105,0.0005715461449454619
435500000.0,0.0006549272202487821,7.361816159389979e-05
436000000.0,0.0005078147054341346,-2.454745810884641e-05
436500000.0,0.0005170309962135258,-2.3707811401109424e-05
437000000.0,0.0004881443735988871,-2.320464898645532e-05
437500000.0,0.00048357592971532727,-1.7278513163225122e-05
438000000.0,0.0005339664214784132,-1.538405606026972e-05
438500000.0,0.000553561103166906,-2.9189162262521448e-05
439000000.0,0.000534800477239157,-2.8309271267217283e-05
439500000.0,0.0005991020631911702,-2.7967176454169688e-05
440000000.0,0.001875123687512875,-0.00010780792744110961
144000000.0,0.007971261536570823,-0.00040693470512736217
144500000.0,0.007995059609489789,-0.00043146400738336204
145000000.0,0.007312889694631243,-0.00043547232689272915
145500000.0,0.007119093698831389,-0.000373535913836499
146000000.0,0.006006792618935102,-0.0002608942430860181
420000000.0,0.000867830184331583,-2.0837983135248508e-05
420500000.0,0.0011772236043877881,-4.294808546189603e-05
421000000.0,0.00977169329471612,0.0007862245972513884
421500000.0,0.010322013338275805,0.0004357887334854385
422000000.0,0.008472469664445084,0.0004936682478907197
422500000.0,0.010209224343312997,0.00023018328867472748
423000000.0,0.010659740128145254,0.00027929391497879576
423500000.0,0.005793052168245612,0.00010816035401550999
424000000.0,0.003061789337189818,-3.696781062283508e-06
424500000.0,0.0022884148407429717,-1.5007830713948192e-05
425000000.0,0.0023730146937203816,-2.6977950359275728e-05
425500000.0,0.0017582897597480556,-3.8454722109338194e-05
426000000.0,0.001141359662307489,-1.61333136232632e-05
426500000.0,0.0007952415006452835,-2.9241041341971133e-05
427000000.0,0.0005219467490214262,-3.199644299723672e-05
427500000.0,0.0005037223717983931,-2.7786561409805737e-05
428000000.0,0.0005159044629728849,-1.0763262750009689e-05
428500000.0,0.0005509530436575552,-1.6706065312511976e-05
429000000.0,0.0005158619513172214,-2.140667529066073e-05
429500000.0,0.0004999041810638688,-1.9212294380501507e-05
430000000.0,0.0006572700460633718,-2.379701777257946e-05
430500000.0,0.0007633993998389428,-3.311552198478868e-05
431000000.0,0.0009307127408483398,-2.535831967137624e-05
431500000.0,0.00097875421811625,-2.220161725870857e-05
432000000.0,0.0010666192156435347,-1.8817130858077378e-05
432500000.0,0.0011394290388337899,-2.639010789174328e-05
433000000.0,0.0007291137616770429,-2.543583217128059e-05
433500000.0,0.0012323255680546574,-4.966702303407951e-05
434000000.0,0.001107357815661343,-4.110760360176056e-05
434500000.0,0.0011114372572697151,-4.05408083747803e-05
435000000.0,0.00113125059210467,-3.9253347461816425e-05
435500000.0,0.0005113158350116341,-2.2695818899330113e-05
436000000.0,0.00048732919417743194,-2.065947649146672e-05
436500000.0,0.0005013124175467269,-2.1273304292036783e-05
437000000.0,0.0005174489960176349,-1.858371054079189e-05
437500000.0,0.0005209786218419664,-1.5497662328635924e-05
438000000.0,0.0005469310450110925,-2.358012504474893e-05
438500000.0,0.0005392543781575337,-1.5393127064271804e-05
439000000.0,0.0005362050435148835,-2.1287849536214665e-05
439500000.0,0.0005867910391345372,-1.82749712035646e-05
440000000.0,0.0018305595947813323,-9.415779480958912e-05
144000000.0,0.007871675105076791,-0.00040860031830374606
144500000.0,0.007891727293332117,-0.00044548109915481214
145000000.0,0.007266076196337326,-0.0004377923684952879
145500000.0,0.007087818558818148,-0.00036190967631855335
146000000.0,0.005936335788175729,-0.0002504602158331535
420000000.0,0.0008659165636988771,-2.0999290728697742e-05
420500000.0,0.0011721359178650094,-4.258536582856231e-05
421000000.0,0.018110941554249412,0.00012272983413068577
421500000.0,0.015674811662210526,0.00014205373849010636
422000000.0,0.01406273129882892,1.8443982380328926e-05
422500000.0,0.01091065568395134,0.00021454777497688284
423000000.0,0.008618282894331999,0.00018695533749790976
423500000.0,0.006518017157743812,7.949837099877587e-05
424000000.0,0.0029738233470832675,1.1093345559771983e-05
424500000.0,0.002544430576349363,-6.542508246629684e-06
425000000.0,0.001973992153855881,-2.371473188672406e-05
425500000.0,0.0014356381209092064,-1.9045893789485435e-05
426000000.0,0.0011756229749496886,-2.0425887793369766e-05
426500000.0,0.0009121926312359561,-2.0637546627080405e-05
427000000.0,0.000524433701232437,-1.6138175169136426e-05
427500000.0,0.0005055789094818545,-2.1058548297237136e-05
428000000.0,0.0004794178514978982,-2.6174149696437873e-05
428500000.0,0.000481189652599674,-2.5792931189749807e-05
429000000.0,0.000491575456554981,-2.0728683745886565e-05
429500000.0,0.0004901134315839401,-1.8382213005079613e-05
430000000.0,0.0006577804523239492,-1.6278125466083482e-05
430500000.0,0.0007401944987461145,-2.351677551553483e-05
431000000.0,0.0008541365405823802,-1.375910026076764e-05
431500000.0,0.0009812308577776608,-2.5374203885354934e-05
432000000.0,0.0011355000254003036,-3.967158091314573e-05
432500000.0,0.0011507984163604869,-5.1906710769052664e-05
433000000.0,0.0007391544446237049,-3.413442844316691e-05
433500000.0,0.0012655808788593855,-4.303168462542332e-05
434000000.0,0.0011398795471910961,-4.901884220500551e-05
434500000.0,0.0012905983509435804,-4.371923527794405e-05
435000000.0,0.001104684379531725,-4.8701219998004846e-05
435500000.0,0.000527216274275693,-2.1713757151130042e-05
436000000.0,0.00047528352632563727,-2.153205168744482e-05
436500000.0,0.0004894780035676371,-1.9859964034690185e-05
437000000.0,0.0004531538357893063,-1.4256952244096868e-05
437500000.0,0.00047354124605154205,-1.7603614724934246e-05
438000000.0,0.0005212564993282303,-2.2263200929728165e-05
438500000.0,0.0005434026487996414,-1.823090572620616e-05
439000000.0,0.0005408776595651003,-1.0102517626934946e-05
439500000.0,0.0005690960697719051,-1.6255037456795355e-05
440000000.0,0.0018324824220439804,-9.884732382605169e-05
144000000.0,0.007988746638590526,-0.00038798687122576416
144500000.0,0.008055661342036974,-0.00039067312600766157
145000000.0,0.007413528780083977,-0.0003849032126277039
145500000.0,0.00715202084747727,-0.0003647199690573577
146000000.0,0.005976127665836654,-0.0002604259846941629
420000000.0,0.0008328281745964019,-2.1631424117980302e-05
420500000.0,0.0012075997287797958,-3.185597815409625e-05
421000000.0,0.012612486267637108,0.0007136942694606465
421500000.0,0.008925112759836122,0.0005711610524615713
422000000.0,0.011122652232044884,0.00040593230205889473
422500000.0,0.01330662999445812,0.0003532747009342193
423000000.0,0.008814497253604132,0.0001696481407422747
423500000.0,0.0064607607141983865,4.473183648707416e-06
424000000.0,0.0035148299674967135,-1.496315147544525e-05
424500000.0,0.002294752183944883,3.5892915560911415e-07
425000000.0,0.0019272716157803281,-1.7565560825981994e-05
425500000.0,0.0016136743368147075,-3.0239777652781735e-05
426000000.0,0.0014141731199601882,-2.3979903790125458e-05
426500000.0,0.0009439049090133795,-2.5397960317080387e-05
427000000.0,0.00049509071321925,-1.649452291098351e-05
427500000.0,0.0004652767853534714,-2.5799283618599568e-05
428000000.0,0.0004709296782752018,-1.9495135649009185e-05
428500000.0,0.00047644710256670113,-1.552465490262296e-05
429000000.0,0.0004756161271723661,-2.898934349153268e-05
429500000.0,0.0004683374056006234,-1.9395472065228013e-05
430000000.0,0.00065021404759568,-2.413370141257084e-05
430500000.0,0.0007175549113410597,-1.5349415683918607e-05
431000000.0,0.0008965774437095318,-2.5361818234796382e-05
431500000.0,0.0008919747033531571,-2.4091988851696554e-05
432000000.0,0.0009938515985691266,-2.9491778650669257e-05
432500000.0,0.0010361586038513482,-2.747375240872796e-05
433000000.0,0.000721280560187665,-2.1793427196542016e-05
433500000.0,0.001343043574006878,-5.555665470719938e-05
434000000.0,0.0011423390921230202,-3.4708925577491e-05
434500000.0,0.009220990102219788,0.008046627300242765
435000000.0,0.043854170918216334,0.02800796181629763
435500000.0,0.002545487607997493,0.0007431418069932375
436000000.0,0.0004567653907640659,-2.009533333121089e-05
436500000.0,0.0004364850607542037,-1.4479794640391325e-05
437000000.0,0.0004262451257678744,-3.427764353490753e-05
437500000.0,0.0004439615283695703,-2.37637347883451e-05
438000000.0,0.0004899768724210469,-2.182564455023811e-05
438500000.0,0.00636306173441608,0.0016176492644631182
439000000.0,0.0004731765442883679,-2.189921592982952e-05
439500000.0,0.0005306076023161895,-1.734529293524715e-05
440000000.0,0.0017849253184388813,-8.131964863639324e-05
144000000.0,0.007875331463798176,-0.00041745858819633485
144500000.0,0.007844845133646859,-0.0004419505736299079
145000000.0,0.007260634692919069,-0.0004438241736133197
145500000.0,0.0071059376680230445,-0.00038177189662899885
146000000.0,0.005914184007519276,-0.0002492544270565186
420000000.0,0.0008227123926040159,-1.9498501609130868e-05
420500000.0,0.0011324265245742171,-4.390059894079077e-05
421000000.0,0.010896431724631023,0.0004886315842197496
421500000.0,0.010851534433383454,0.0001848832433774001
422000000.0,0.010619878400364411,0.0003756677463654882
422500000.0,0.01456163554469696,1.0254145422769652e-05
423000000.0,0.01183302657820417,0.0002646154014091613
423500000.0,0.006133697936772511,0.00013585835903041563
424000000.0,0.002613323497476032,2.4685642361798503e-05
424500000.0,0.002290492136495674,-1.6124354577018093e-06
425000000.0,0.0024915793828452076,-4.928774334052137e-06
425500000.0,0.001794657524116448,-8.341967550224761e-06
426000000.0,0.0010900895332813783,-1.5151066342479285e-05
426500000.0,0.0007852340184811846,-2.4817230354104826e-05
427000000.0,0.0004667751700418756,-2.8196112664416803e-05
427500000.0,0.0004634002171750905,-8.599343631637607e-06
428000000.0,0.00045223932112853463,-2.1802317328586767e-05
428500000.0,0.00043028566793113,-1.3026325863248352e-05
429000000.0,0.0004321873329262557,-2.0717223420096346e-05
429500000.0,0.00044453979190851655,-1.8897284584785593e-05
430000000.0,0.0005998856333863928,-3.6553666553981214e-05
430500000.0,0.0007074071891926375,-2.24362848334579e-05
431000000.0,0.0007613421068619606,-1.795040551434647e-05
431500000.0,0.0008973116531378603,-2.510018244017935e-05
432000000.0,0.0009700478555374365,-3.381414423363503e-05
432500000.0,0.0010570826477399472,-2.2544156801610155e-05
433000000.0,0.0006525304692822048,-2.9760652732133196e-05
433500000.0,0.0013303673542434875,-3.671537123586409e-05
434000000.0,0.0010896754899411235,-5.0920195102353686e-05
434500000.0,0.0011804579055635128,-4.601416695375636e-05
435000000.0,0.0009631556374170519,-3.630829866117975e-05
435500000.0,0.00048574220708877766,-3.056452332392414e-05
436000000.0,0.00044879649530652285,-2.0277230095605244e-05
436500000.0,0.00046206239695533477,-2.0319565898578736e-05
437000000.0,0.00042376049334833356,-2.1767919725192744e-05
437500000.0,0.00043641332085859173,-1.5498883706857575e-05
438000000.0,0.0004858414962299222,-1.841607032746875e-05
438500000.0,0.0005069035248593677,-3.2696944681439086e-05
439000000.0,0.0004991061663774884,-1.8438861404853685e-05
439500000.0,0.0009310382907582937,-4.0606619384649795e-05
440000000.0,0.001809316356888881,-8.994431231152181e-05
144000000.0,0.007804862094250033,-0.0004006202805629253
144500000.0,0.0077712421369702965,-0.0004306832490570214
145000000.0,0.007243562641150081,-0.0004388147618379144
145500000.0,0.007052841324525569,-0.00036566437294043626
146000000.0,0.005895715519109787,-0.00024497573338122395
420000000.0,0.0008053758759690685,-1.3184913604143199e-05
420500000.0,0.0011313200315478222,-3.0632053727070916e-05
421000000.0,0.012541341442323117,0.0008166845986618213
421500000.0,0.013204017215188633,0.00033990842535934485
422000000.0,0.012717465062595728,0.00033734222221766964
422500000.0,0.013733039092236186,0.000492211204271435
423000000.0,0.010242237527521385,0.00016251123868802307
423500000.0,0.005740746831869481,8.037294083520271e-05
424000000.0,0.002910298500086911,4.847850205234004e-06
424500000.0,0.0021772173848766748,5.635387782172404e-06
425000000.0,0.0019458043969109939,-1.3351896916772394e-05
425500000.0,0.002198788096394029,-3.44495656084007e-05
426000000.0,0.0017535880874357081,-3.2697064952252604e-05
426500000.0,0.0008515453267377164,-2.0674316459823338e-05
427000000.0,0.00046959907964360705,-1.9432752578708932e-05
427500000.0,0.00047093795388430796,-1.9215795164876894e-05
428000000.0,0.00045848307837667715,-2.6625563348837614e-05
428500000.0,0.00044299376435703793,-1.6504306081986908e-05
429000000.0,0.000423986657766901,-1.8362619807546336e-05
429500000.0,0.00042873352669999215,-2.7836481901921385e-05
430000000.0,0.0005931857292092531,-2.569667790371078e-05
430500000.0,0.0006343072749958633,-2.057020975999987e-05
431000000.0,0.0008139587449107233,-2.257995133682079e-05
431500000.0,0.0008551804518900696,-3.3726884428012254e-05
432000000.0,0.0009480894804277635,-1.8100603986366786e-05
432500000.0,0.0010767509573829269,-3.086021119331285e-05
433000000.0,0.0006635498968418964,-3.178231256002994e-05
433500000.0,0.0011651400715013186,-4.754205916385559e-05
434000000.0,0.0014579090936788477,5.7674043898025044e-05
434500000.0,0.2037225569578307,0.08049428643410741
435000000.0,0.0010091760185362867,-3.3428091853362216e-05
435500000.0,0.00047767568001509284,-1.716278728458633e-05
436000000.0,0.00046292227734608105,-2.395709004559228e-05
436500000.0,0.0004545257136133202,-1.7916214208258644e-05
437000000.0,0.00045122487092289073,-2.023339482785572e-05
437500000.0,0.0004338363434434956,-1.9481344225754792e-05
438000000.0,0.0005009506982991002,-1.5815642396079687e-05
438500000.0,0.0005151666650581962,-2.1709261857144195e-05
439000000.0,0.0004725651792974613,-1.8912815321797026e-05
439500000.0,0.0005543741462552147,-2.6005161565463786e-05
440000000.0,0.0018227316155681687,-0.0001016750783236777
144000000.0,0.007762689529610966,-0.00040725084456579453
144500000.0,0.007741364349708908,-0.0004327664021764495
145000000.0,0.007253038185296946,-0.0004402426991540237
145500000.0,0.006966839028197796,-0.00036248921523665675
146000000.0,0.005774815964402369,-0.0002391906811599724
420000000.0,0.0008198337763516965,-1.4698409653758995e-05
420500000.0,0.001126148931872557,-3.580041325535274e-05
421000000.0,0.015629072520378297,0.00046673433513643066
421500000.0,0.012219235305090944,0.00023413199573571984
422000000.0,0.014035122928339106,0.0004742860333495011
422500000.0,0.011379189787755891,0.0001334234786434579
423000000.0,0.011285720632167739,4.927474520358133e-05
423500000.0,0.006766285734225249,-1.546958101096129e-05
424000000.0,0.0036519340052060755,-2.0871995863453114e-05
424500000.0,0.0029275421332051388,-3.1558224239359826e-05
425000000.0,0.0029721712906523204,-3.433350745436791e-05
425500000.0,0.001937539783892086,-3.540884313382926e-05
426000000.0,0.0013016438179081925,-3.293556735917656e-05
426500000.0,0.0008573563636366351,-2.6602852479007118e-05
427000000.0,0.0004605081212834689,-3.371399339292114e-05
427500000.0,0.00045747232058997416,-1.534863123665072e-05
428000000.0,0.00043947467117804427,-1.6983485593637142e-05
428500000.0,0.0004448583370186513,-1.0728245379813063e-05
429000000.0,0.0004718353595034045,-1.7372568287703634e-05
429500000.0,0.0004672375138771995,-2.7557635907311096e-05
430000000.0,0.0006192396355314408,-2.3636843242150153e-05
430500000.0,0.000737385836618278,-2.7263007834052227e-05
431000000.0,0.0008719776802930927,-1.5269135411847634e-05
431500000.0,0.0009839584486833848,-1.1959042465825153e-05
432000000.0,0.0010315477841540592,-2.280049512317316e-05
432500000.0,0.0010385433211253503,-2.4658287711530158e-05
433000000.0,0.0006913027273751633,-3.0675976252280486e-05
433500000.0,0.00103016914811576,-2.984284940833168e-05
434000000.0,0.0010944490661795412,-4.62100393291636e-05
434500000.0,0.0010287646428266159,-3.502271615670442e-05
435000000.0,0.0011889452950167867,-5.6908039444350934e-05
435500000.0,0.00047252475903383274,-1.6668039269602717e-05
436000000.0,0.00044394046220065067,-1.832768620856553e-05
436500000.0,0.00043330572679984236,-1.912618645620427e-05
437000000.0,0.00045098010874037464,-9.305441736546111e-06
437500000.0,0.0004365038413026041,-1.9492723015959978e-05
438000000.0,0.0005229930611165361,-3.6416335442700904e-05
438500000.0,0.0005414648917768809,-2.8867228898336097e-05
439000000.0,0.0004853685601217121,-5.106323555339966e-06
439500000.0,0.0005576602410061948,-2.970049518985905e-05
440000000.0,0.0018077598643848427,-9.442519983276934e-05
144000000.0,0.007753049270516088,-0.0003625112079161069
144500000.0,0.007573274118975613,-0.0004008291478218174
145000000.0,0.0071552031847135576,-0.0004304499875005742
145500000.0,0.00681623284850198,-0.0003435624342301973
146000000.0,0.005489017449858789,-0.00020768048946585545
420000000.0,0.0007841870634150228,-2.500825786819075e-05
420500000.0,0.0011167913156647402,-3.128280274129205e-05
421000000.0,0.011744098179504782,0.00045161954958558483
421500000.0,0.01101028486733567,0.0003613292814957855
422000000.0,0.011409522343114894,0.0002527932408840179
422500000.0,0.011085193119880246,0.00016201596591557035
423000000.0,0.008187121744121808,0.0002962460349214824
423500000.0,0.005214726999992297,0.00012005883608494448
424000000.0,0.002905170269197093,1.6167106867041566e-05
424500000.0,0.002217811796114375,1.6730987965054775e-05
425000000.0,0.0022236576569190014,-3.0762617036222506e-05
425500000.0,0.0017707974353514844,-2.560774530042866e-05
426000000.0,0.0013150799242342603,-3.0400592231566935e-05
426500000.0,0.0007920540106479896,-2.780468217825809e-05
427000000.0,0.0004719177418853843,-1.476222202618504e-05
427500000.0,0.0004537606025281439,-1.4256013458232772e-05
428000000.0,0.0004759143664400339,-1.3217351676391613e-05
428500000.0,0.0004402641777426856,-2.0210354767096286e-05
429000000.0,0.0004647136280054496,-2.7082034479746934e-05
429500000.0,0.00045879941697237717,-2.1479617552468312e-05
430000000.0,0.0006409845494656646,-1.7217695717205127e-05
430500000.0,0.000697984151025901,-3.031056401771228e-05
431000000.0,0.015373814686648718,0.009105123268470551
431500000.0,0.0009338090429989157,-2.0497531009743084e-05
432000000.0,0.0011258585115680798,-3.3286894872104904e-05
432500000.0,0.0010792244145910383,-1.5431945191562112e-05
433000000.0,0.0006541701458036234,-2.255387601606386e-05
433500000.0,0.0010407826955286276,-4.35269108366883e-05
434000000.0,0.08856962203134028,0.061248259434498305
434500000.0,0.06857681733220378,0.04860871617578279
435000000.0,0.0011342898103380583,-4.687316099065165e-05
435500000.0,0.00047350549219026813,-2.8382856384012966e-05
436000000.0,0.00044463441329990104,-1.2125494955879515e-05
436500000.0,0.0004392342473508873,-2.2535400237223233e-05
437000000.0,0.000441827390610161,-1.929986526149301e-05
437500000.0,0.00042316775839097286,-2.279216105911664e-05
438000000.0,0.0004873483655053011,-1.884710022860377e-05
438500000.0,0.0005131093545660677,-1.9487232559256112e-05
439000000.0,0.00047863017603853647,-2.2059544486695965e-05
439500000.0,0.0005601214502601757,-2.021578379457549e-05
440000000.0,0.0018229713225326684,-8.658311176482374e-05
144000000.0,0.008066816161561376,-0.000411863502352994
144500000.0,0.007735193100368036,-0.00043266011765368114
145000000.0,0.00726234042156478,-0.000435814326114154
145500000.0,0.007193631448883206,-0.0003635653793327763
146000000.0,0.005924968609914851,-0.00026268347805478466
420000000.0,0.0008027736856813647,-1.9787851308015298e-05
420500000.0,0.0011069124398716524,-2.9463548011536512e-05
421000000.0,0.010708773962935937,0.0012647576660896852
421500000.0,0.0112459031316425,0.0004458370443709177
422000000.0,0.01399649830797552,0.00014050486339073093
422500000.0,0.008623519814680503,0.00045098252045106153
423000000.0,0.008822858262549225,0.00033259013103086824
423500000.0,0.0056529676651437145,0.00026304046800760704
424000000.0,0.003463335647639225,3.482833379015067e-06
424500000.0,0.0030795454038360266,2.1832520360727872e-07
425000000.0,0.002363269838802554,-2.0567425146456866e-05
425500000.0,0.001517334666070651,-3.041249015310393e-05
426000000.0,0.0013570994341827343,-2.8178295346390262e-05
426500000.0,0.000872670793344946,-2.9389889967866383e-05
427000000.0,0.00044565913734439285,-3.61715010367722e-05
427500000.0,0.00044269107839246233,-2.579142027854501e-05
428000000.0,0.00044721721633529616,-2.1019978411052206e-05
428500000.0,0.00040103093880595493,-1.9608487177264085e-05
429000000.0,0.00045541879627677474,-1.8674160739180122e-05
429500000.0,0.0004364288828536857,-2.426909381077693e-05
430000000.0,0.0005920652643629043,-1.2832827065878839e-05
430500000.0,0.0007063494332888972,-2.8975905031838574e-05
431000000.0,0.0008291649310317316,-2.436199144525942e-05
431500000.0,0.0008735398272486336,-1.3430069128343171e-05
432000000.0,0.0010116226563014823,-2.146900123022505e-05
432500000.0,0.0011163825129492052,-2.0863712121572465e-05
433000000.0,0.0006577169124604063,-2.1664719912270003e-05
433500000.0,0.0011837957976233763,-4.516029716053336e-05
434000000.0,0.0010643267207455186,-2.8950673755463177e-05
434500000.0,0.0011894481598979467,-4.865529505723785e-05
435000000.0,0.0011203195561882387,-5.290528044100322e-05
435500000.0,0.000471862492742176,-3.262707756103748e-05
436000000.0,0.0004395693816364284,-2.157640566915117e-05
436500000.0,0.0004719888521783986,-1.5309591538415987e-05
437000000.0,0.0007823259094790528,-3.6826221479421665e-05
437500000.0,0.0005102849927935746,-1.958801664267502e-05
438000000.0,0.0005980970612307198,-2.2992141230812933e-05
438500000.0,0.0005358186091894021,-1.5260899980168094e-05
439000000.0,0.0004988717090250193,-3.055738995558997e-05
439500000.0,0.0005542479448736894,-1.6807697341943498e-05
440000000.0,0.0018174593941861915,-0.00010165797059041978
144000000.0,0.00783063612953348,-0.0004003349465497041
144500000.0,0.007738055807269344,-0.0004325834026703856
145000000.0,0.007262100532553061,-0.0004341095818869772
145500000.0,0.006992334498856667,-0.0003580691280422486
146000000.0,0.005798472399998849,-0.00024201833194158933
420000000.0,0.0008264848597547828,-1.1103019641496808e-05
420500000.0,0.0011361923788540678,-3.493474888460995e-05
421000000.0,0.01203559261201761,0.0006371968154757377
421500000.0,0.014059697340999704,0.00018054976818824685
422000000.0,0.015664301292594465,0.00018052599523913325
422500000.0,0.010394262958235475,0.00033808750725806275
423000000.0,0.00973561173391557,0.0003495280094148994
423500000.0,0.006594795064838033,0.00011974989501701465
424000000.0,0.0032075428612187047,-2.6357915116478545e-06
424500000.0,0.002253904610475202,-5.7187241270943755e-06
425000000.0,0.001810305161334447,-6.166976660528433e-06
425500000.0,0.0020404840891503255,-3.911032613684634e-05
426000000.0,0.0013153429562455618,-1.3126159000592772e-05
426500000.0,0.0008670651022007794,-2.3091294634579687e-05
427000000.0,0.0013581747898566898,0.0003000113597759498
427500000.0,0.00046255068032781627,-2.671734946682101e-05
428000000.0,0.0004476493596104539,-2.4998472163472336e-05
428500000.0,0.00045065787507983084,-2.673003172582494e-05
429000000.0,0.00043512447153781124,-1.255393777611612e-05
429500000.0,0.0004635531458619371,-2.3659817534037116e-05
430000000.0,0.0006009900306600851,-2.7895555413374638e-05
430500000.0,0.0006537752707787693,-2.227495076558781e-05
431000000.0,0.0008327429242758781,-3.3739164429978825e-05
431500000.0,0.0008862480782562548,-1.5668301619765662e-05
432000000.0,0.0010483059737994903,-1.7434752995709605e-05
432500000.0,0.0010792360458515488,-3.5420168158732635e-05
433000000.0,0.0006254202319353042,-2.301868693585144e-05
433500000.0,0.0011615193882162848,-3.305247149466579e-05
434000000.0,0.0010437739070242279,-3.728585871518448e-05
434500000.0,0.0011576145335259439,-4.461730553500159e-05
435000000.0,0.0009242033312909828,-3.7473392444544525e-05
435500000.0,0.00044707914875545107,-1.989741624433257e-05
436000000.0,0.0004558920025258374,-2.536727996914516e-05
436500000.0,0.00045735928695857117,-1.9841843606790776e-05
437000000.0,0.0004629519473081172,-1.0268645403821116e-05
437500000.0,0.00041137504537419774,-2.7244266404199914e-05
438000000.0,0.02920093985141187,-0.011937359866574074
438500000.0,0.04070490803435554,-0.01748394692562852
439000000.0,0.039772164277684194,-0.016987835358683014
439500000.0,0.0037691932921602367,-0.0001634200582856769
440000000.0,0.001859421132065727,-8.460818949227486e-05
144000000.0,0.007983290863743627,-0.000428509991999245
144500000.0,0.007740077214802939,-0.0004377186889424709
145000000.0,0.007288355451976088,-0.00042539023921798515
145500000.0,0.006919771859523354,-0.00033874078515131086
146000000.0,0.005715312750420303,-0.0002459185584348326
420000000.0,0.0007880993568340232,-2.5056494742773305e-05
420500000.0,0.0006284614603828719,-1.9592051902255685e-05
421000000.0,0.012949124721281808,0.00041835002536356504
421500000.0,0.013707082642153444,0.00038219469372640594
422000000.0,0.01625634923890402,7.471055288860249e-05
422500000.0,0.014286021420217725,2.67325775038978e-05
423000000.0,0.01239269830283508,0.00016149847454878345
423500000.0,0.00686622243760313,3.864155066288493e-06
424000000.0,0.003004077401506533,-8.689614173159905e-07
424500000.0,0.002300173956334498,-4.5459017757416495e-06
425000000.0,0.002214864801413404,-2.092797637926998e-05
425500000.0,0.0014651860360102556,-1.975773654801314e-05
426000000.0,0.0011747894077791163,-2.25180273198769e-05
426500000.0,0.0007302761602312709,-2.1991901495527113e-05
427000000.0,0.000471623150431095,-1.4395197983127532e-05
427500000.0,0.0004202837298484778,-2.169035564188239e-05
428000000.0,0.0004330822126034947,-1.445170567669678e-05
428500000.0,0.0004108873021555903,-2.0969753624542974e-05
429000000.0,0.0004434597898768286,-1.1178979718669751e-05
429500000.0,0.00044292697484778703,-2.5094041784864686e-05
430000000.0,0.0006476753486043555,-2.5975139411556864e-05
430500000.0,0.0006743387079126842,-2.312597037002444e-05
431000000.0,0.0008353464190178455,-1.9574322390812735e-05
431500000.0,0.00085278156134914,-2.0644874496915638e-05
432000000.0,0.0009691927260149993,-3.2143667832449274e-05
432500000.0,0.0010285558266288092,-2.8432110195328775e-05
433000000.0,0.0006599284327908543,-2.4385800656554163e-05
433500000.0,0.001172816296875187,-5.4377171906267634e-05
434000000.0,0.0010581674028668137,-4.7769871971039234e-05
434500000.0,0.0010218875642936138,-3.37761989499139e-05
435000000.0,0.0009611161922720706,-3.9903871161098595e-05
435500000.0,0.0004870614172412653,-2.5132697766384415e-05
436000000.0,0.0004717230166227416,-2.8544802896329936e-05
436500000.0,0.00170031333034728,-7.218846541292266e-05
437000000.0,0.003391557080010953,-0.0002868705188390089
437500000.0,0.0032959318365769876,-0.0002676644518602306
438000000.0,0.0019629440378122714,-0.00010873658600785282
438500000.0,0.0007908819028387869,-3.432437841367547e-05
439000000.0,0.0005027384253426201,-2.4450496365167364e-05
439500000.0,0.0005359360340375706,-2.389401610490956e-05
440000000.0,0.0018399684313905678,-0.00010428608325693247
144000000.0,0.008495469900126089,-0.0004789732510886448
144500000.0,0.008292511979855467,-0.00048583147523079476
145000000.0,0.007497242296188704,-0.0004665710236505709
145500000.0,0.00727407838368984,-0.00042483838524975297
146000000.0,0.005890393160574892,-0.00025532970812811896
420000000.0,0.0007676565400155177,-2.793517897428389e-05
420500000.0,0.0006552790131953709,-2.80495633894559e-05
421000000.0,0.01324177434180529,0.0004762345854406212
421500000.0,0.010887424896950038,0.00025176322477452225
422000000.0,0.011004987410108783,0.0003150028940026965
422500000.0,0.012051151774576808,0.0002999288980934734
423000000.0,0.009689569368753441,0.00011395904664217478
423500000.0,0.005568624904553329,5.8998103279460715e-05
424000000.0,0.002522975000436524,2.2064977307891323e-05
424500000.0,0.0019612589808034125,1.0470020522245307e-05
425000000.0,0.0017166804193517766,-1.503832946442036e-05
425500000.0,0.0014599826070645304,-2.8409764141116667e-05
426000000.0,0.0012680798658071739,-2.2365957072771614e-05
426500000.0,0.0008182941904621432,-3.7697496098322634e-05
427000000.0,0.0004640917445040217,-9.641311347356355e-06
427500000.0,0.0004796348635511491,-1.8756253648202304e-05
428000000.0,0.0004548180689530717,-1.274601657535581e-05
428500000.0,0.0004267553243770911,-1.5965492166122744e-05
429000000.0,0.00043884106244603774,-3.449318038674273e-05
429500000.0,0.00047381678020939194,-2.47137373246609e-05
430000000.0,0.0005993538843751891,-1.8679312520161078e-05
430500000.0,0.000784986159225118,-1.1817693511892294e-05
431000000.0,0.0008055723505383645,-2.5922800277805992e-05
431500000.0,0.0009173993795646106,-3.847011784202642e-05
432000000.0,0.001057798366808908,-3.357389877282224e-05
432500000.0,0.0011404218275838814,-2.9877231296582512e-05
433000000.0,0.033923979088295086,0.022689928803023406
433500000.0,0.0747642460011691,0.05513065703210898
434000000.0,0.0010576191017159695,-3.274254661198196e-05
434500000.0,0.0010177972426058139,-3.093910347789689e-05
435000000.0,0.0011212868555531713,-3.8839184015742136e-05
435500000.0,0.0004787698010496765,-1.708964571058076e-05
436000000.0,0.000461486732762673,-2.7856033171070856e-05
436500000.0,0.0011896251920097561,-3.982464843244667e-05
437000000.0,0.0023391814045770824,-0.00014491603081660375
437500000.0,0.0025649107549110574,-0.00017054697597603744
438000000.0,0.0025129407647264497,-0.00016254753622821187
438500000.0,0.0009301496940140486,-3.765368431952798e-05
439000000.0,0.0005295792015759288,-3.138801105127459e-05
439500000.0,0.0005607959388014446,-1.537860477007183e-05
440000000.0,0.001873218123612342,-0.0001108685891301472
144000000.0,0.007499213372911911,-0.00035305033790713255
144500000.0,0.00731314829982632,-0.0003774897637662863
145000000.0,0.00694544978404196,-0.00038315950375846257
145500000.0,0.006758631674613833,-0.000336754932183781
146000000.0,0.005649839123586913,-0.0002487068863375962
420000000.0,0.0007770588130676032,-2.029139867974598e-05
420500000.0,0.0010841767774253319,-3.8359391437294053e-05
421000000.0,0.014943336238171553,0.0011215594583402037
421500000.0,0.013872549137210519,0.000767396924642394
422000000.0,0.009897479036380493,0.00042759804547069097
422500000.0,0.01144436087803348,0.00021117469221983067
423000000.0,0.013327213289100612,0.0003078898644086137
423500000.0,0.007132667730208601,6.528609918691726e-05
424000000.0,0.002834231945885255,1.6784746346975915e-05
424500000.0,0.0022752308063184795,1.1715334437873153e-05
425000000.0,0.0020083571221554872,-6.24418856968068e-06
425500000.0,0.0013016708926829297,-1.963406514088762e-05
426000000.0,0.0011419853239425072,-1.4939210565962507e-05
426500000.0,0.0009089224728856481,-2.9192525049448297e-05
427000000.0,0.00043514890380976846,-1.6465153615641162e-05
427500000.0,0.00041987017984043424,-1.7877080416828434e-05
428000000.0,0.00039405673049338935,-2.1413706112977327e-05
428500000.0,0.00038821532246618626,-2.14095376379891e-05
429000000.0,0.0004328687085653991,-3.168844762342369e-05
429500000.0,0.00042559751804638996,-1.9246870423537228e-05
430000000.0,0.0005812967965677647,-2.4667239555168914e-05
430500000.0,0.0006353932041093867,-2.2786090994955286e-05
431000000.0,0.000813133381126792,-2.114989374769324e-05
431500000.0,0.0008196295696055662,-2.9348814493240815e-05
432000000.0,0.0009765732115843348,-3.1884375757657826e-05
432500000.0,0.0009996827685564624,-1.7669759535824097e-05
433000000.0,0.0006358974994326748,-3.002381695733252e-05
433500000.0,0.0009971034923074737,-3.817985524276604e-05
434000000.0,0.001301447030950697,1.2752656065354701e-05
434500000.0,0.00103400271789543,-4.998912587847335e-05
435000000.0,0.0011248732409673925,-3.4217220245537155e-05
435500000.0,0.00042354701988839717,-1.564315232767364e-05
436000000.0,0.030632883936986446,-0.01118191243350565
436500000.0,0.01854395330420993,-0.005569312915468088
437000000.0,0.0019775442879192214,-6.631419359939578e-05
437500000.0,0.0017213760303652365,-7.694911242155328e-05
438000000.0,0.0016418066551926029,-7.042373988040294e-05
438500000.0,0.0006395276397142777,-1.49832627166073e-05
439000000.0,0.00045180300992606894,-2.6015526294463875e-05
439500000.0,0.0005125832313019348,-2.0648011115504387e-05
440000000.0,0.0017926151058678902,-0.00010054370843082185
144000000.0,0.008227117477283859,-0.00045261769803645307
144500000.0,0.008003592355842302,-0.00047648128700003914
145000000.0,0.007639829920919997,-0.0004886239217735244
145500000.0,0.007406395854042519,-0.00040068747629309377
146000000.0,0.006336247830940614,-0.0002827826344403506
420000000.0,0.0007917898256931708,-2.0818051015445696e-05
420500000.0,0.0009992814114591776,-3.329293608988186e-05
421000000.0,0.017444563177054694,0.0004060241518890643
421500000.0,0.017810924695713513,0.00012658216645749024
422000000.0,0.017997468030570517,0.0004516242819273637
422500000.0,0.013857264201674447,0.00014017784986657383
423000000.0,0.011929346225770228,0.00022877362912484753
423500000.0,0.007992930272893283,5.842410229061441e-05
424000000.0,0.003000895844908435,1.211008284274142e-05
424500000.0,0.0019798032813230725,-2.0698354918019654e-05
425000000.0,0.001998306708025717,-1.140016486378436e-05
425500000.0,0.0013878936051086015,-2.062319873801042e-05
426000000.0,0.0010683922489090484,-2.0358902472925e-05
426500000.0,0.0007692512386931115,-2.526933923897222e-05
427000000.0,0.0004680628919602046,-1.5583420966085697e-05
427500000.0,0.00045727926423143534,-9.151688319101688e-06
428000000.0,0.0004743043490256595,-2.680672391254692e-05
428500000.0,0.0004283565623116883,-3.717786997735963e-05
429000000.0,0.0004379186517527386,-1.7983736411042965e-05
429500000.0,0.0004455093152368289,-8.86001813132849e-06
430000000.0,0.000675172354420971,-2.401245173122541e-05
430500000.0,0.0007009630799562685,-1.584696175353995e-05
431000000.0,0.0008396277271236109,-2.2282403998433978e-05
431500000.0,0.0010226880710190887,-3.494436521025583e-05
432000000.0,0.0010626664198330952,-2.0981926890280723e-05
432500000.0,0.0011442106146594378,-3.770041400157336e-05
433000000.0,0.000656667802772779,-2.6039347912881284e-05
433500000.0,0.0011491646266821355,-4.484937131528469e-05
434000000.0,0.0012948162198399536,-4.095993636678665e-05
434500000.0,0.001081750708492065,-4.250278577907422e-05
435000000.0,0.0011295384122704706,-4.4401545857415973e-05
435500000.0,0.018228268200758218,-0.004314993571247706
436000000.0,0.02298483538000308,-0.00425732974756243
436500000.0,0.024461704012358657,-0.0025296228167310114
437000000.0,0.0024431730770531697,-8.342904013333697e-05
437500000.0,0.002714111303264439,-0.00010288040216762002
438000000.0,0.002143822916168159,-3.955346020317104e-05
438500000.0,0.0007174712167074631,-3.1348572782766745e-05
439000000.0,0.0004726917774385041,-2.2159138390944865e-05
439500000.0,0.0005302264036518451,-1.747842038656513e-05
440000000.0,0.001790097520373915,-9.138345673609665e-05
144000000.0,0.008512336267844353,-0.00045262898426787516
144500000.0,0.008419851924148134,-0.0005314662726946229
145000000.0,0.008031767733095902,-0.0004991523017959629
145500000.0,0.012244633580425041,-0.0007272191320644994
146000000.0,0.011100211190371148,-0.0006910789962448864
420000000.0,0.0007986295079054134,-1.58282597891545e-05
420500000.0,0.0006144005247088896,-3.076709029647506e-05
421000000.0,0.011579556489545265,0.0008811805426203797
421500000.0,0.008340425462962504,0.0008013548916975038
422000000.0,0.0083513232791354,0.00048049246953277107
422500000.0,0.007943727905254824,0.00033704412174409733
423000000.0,0.0069346372539977105,0.00031462176765720707
423500000.0,0.004760557728409904,8.840603569128377e-05
424000000.0,0.0033205303435788493,2.6485053702266295e-06
424500000.0,0.0028865828628846105,-2.7626309704460207e-05
425000000.0,0.0023608001906303324,-3.223302717305569e-05
425500000.0,0.0016125576237451206,-2.4630202457462023e-05
426000000.0,0.0015816558777297185,-3.420776315238034e-05
426500000.0,0.0008035084392681336,-2.1991624587427202e-05
427000000.0,0.00043847115322631066,-2.154946044331487e-05
427500000.0,0.00038977478295141373,-3.541634389360145e-05
428000000.0,0.00040887861836009837,-1.9705937337041957e-05
428500000.0,0.0004127573964268831,-1.7778360401877644e-05
429000000.0,0.00042193770084888494,-1.7102113060580443e-05
429500000.0,0.0004266627803180839,-2.2355236004656544e-05
430000000.0,0.0006138067361043958,-2.0599308877182563e-05
430500000.0,0.0006513261220894328,-1.8161026319847605e-05
431000000.0,0.0008617512848481882,-1.08514253836938e-05
431500000.0,0.0008906975291582654,-2.7845247207203955e-05
432000000.0,0.001059061144238344,-1.774955892107832e-05
432500000.0,0.0010411045980842956,-1.3513024841758849e-05
433000000.0,0.0006377699210952957,-2.5685322808356227e-05
433500000.0,0.0010772283909634968,-4.0626959553785374e-05
434000000.0,0.0011043525886341463,-3.413933274668874e-05
434500000.0,0.0009295643413324943,-4.5390801487915394e-05
435000000.0,0.001147018704257782,-3.8775553755351693e-05
435500000.0,0.00044230700818428557,-1.6212072802945055e-05
436000000.0,0.0004432591036195681,-2.0918383792427748e-05
436500000.0,0.00045899061698351104,-2.8404524639840192e-05
437000000.0,0.0004500082262470337,-2.3310269522636325e-05
437500000.0,0.0336848654825935,-0.01354606772103496
438000000.0,0.03995481384816324,-0.017059691112489936
438500000.0,0.04492507044828605,-0.017256778061178837
439000000.0,0.042341379601154173,-0.016778132371933735
439500000.0,0.004192239554535672,-0.00021871234373183144
440000000.0,0.0017932276199013636,-9.836185252296253e-05
144000000.0,0.0074201431384150855,-0.0003563826542508676
144500000.0,0.007080178716053223,-0.00036253679877608705
145000000.0,0.0066454776578268385,-0.000371215712239015
145500000.0,0.006638423241700164,-0.0003276800832581173
146000000.0,0.00549003633020787,-0.00023434992669811323
420000000.0,0.0007594320226594075,-2.120773768830007e-05
420500000.0,0.0006491161638726361,-2.1193591520232398e-05
421000000.0,0.013387665084021701,0.0003622767023018815
421500000.0,0.010774253875446733,0.000421348314486588
422000000.0,0.012111093447609956,0.0002791965591599074
422500000.0,0.011933579390734939,0.00018111237215204072
423000000.0,0.010697783007502515,0.0001433294643565777
423500000.0,0.005523049307703848,4.126009645454313e-05
424000000.0,0.0033028098852664906,6.577089160954026e-06
424500000.0,0.002640679549853567,-1.0983604043899317e-05
425000000.0,0.002891655031009565,-4.999144990945311e-05
425500000.0,0.0026494689989179426,-8.006326595523094e-05
426000000.0,0.00236635014237962,-5.841685147978397e-05
426500000.0,0.0014318177897532256,-2.5506593388895972e-05
427000000.0,0.0007734986663847509,-1.4438686305483445e-05
427500000.0,0.0007043080896723941,-2.0163990689248102e-05
428000000.0,0.000568100413005126,-2.0069970338064104e-05
428500000.0,0.00040211557567559474,-2.1556344338381046e-05
429000000.0,0.0004229337874175243,-1.427502395345121e-05
429500000.0,0.0004388764410908915,-1.6926896968459936e-05
430000000.0,0.0006334815758549587,-2.0282179514306462e-05
430500000.0,0.0006687159595806973,-1.9003650796084307e-05
431000000.0,0.0008541521827927284,-3.67402359426375e-05
431500000.0,0.0009006208904869727,-2.6268591312044766e-05
432000000.0,0.0017407580469234886,7.718680503838375e-05
432500000.0,0.003529627963834811,0.000955452001508817
433000000.0,0.0006473918612222716,-2.5431020154959808e-05
433500000.0,0.001035181443234379,-3.494364603457789e-05
434000000.0,0.0009789321283386599,-2.997389345057701e-05
434500000.0,0.0010390705012495397,-4.147989684515844e-05
435000000.0,0.001066851992077701,-4.431559000587327e-05
435500000.0,0.00046542246503439397,-1.7463273654948046e-05
436000000.0,0.00042056682664109985,-1.785592338492573e-05
436500000.0,0.00042582920385137097,-1.8339421021217918e-05
437000000.0,0.0004239732055827058,-2.5990589438119936e-05
437500000.0,0.0004192332900496742,-1.934275600872675e-05
438000000.0,0.0004963340982422025,-2.3799856188652495e-05
438500000.0,0.00048678140301366285,-2.4484332552946272e-05
439000000.0,0.0004888197731919128,-2.089740539519731e-05
439500000.0,0.0005319978644507561,-1.320554674403635e-05
440000000.0,0.0017654634423183205,-9.258961481906222e-05
144000000.0,0.008424883543944743,-0.0004749055805433524
144500000.0,0.008273631196083226,-0.0005059214630284358
145000000.0,0.007763037458754012,-0.00048351085535033997
145500000.0,0.007603115126036383,-0.0004139007011020909
146000000.0,0.006316842611357844,-0.00030128157306188444
420000000.0,0.0007747224184482777,-8.324243463808396e-06
420500000.0,0.0006323782247288805,-2.573512356105796e-05
421000000.0,0.016566340057253583,0.00035913503329363
421500000.0,0.014630862914132237,0.00021043605523802557
422000000.0,0.015442607377904538,0.00023505662863109768
422500000.0,0.017711906151361714,0.0002423151478269511
423000000.0,0.01905742926722732,-8.7660722953695e-05
423500000.0,0.008434067606310228,5.524770323561603e-05
424000000.0,0.002884399360242344,-7.294504079868912e-06
424500000.0,0.002345836755076454,-8.593910812209823e-07
425000000.0,0.0018275724301833334,4.398838736951278e-06
425500000.0,0.0012374933849876688,-1.1208060972705473e-05
426000000.0,0.0010622624064233754,-2.0397201295094974e-05
426500000.0,0.0007566718482564202,-2.0972094326848377e-05
427000000.0,0.00045105463995509813,-2.135536223019712e-05
427500000.0,0.0004244902228665716,-3.088870145733427e-05
428000000.0,0.00042898402895829695,-2.328717473091028e-05
428500000.0,0.00042759361340655817,-2.9886094709017963e-05
429000000.0,0.0004405260311418617,-2.760789472702364e-05
429500000.0,0.00044180201819118953,-2.6040882588698917e-05
430000000.0,0.0006627248799483457,-1.3488928987494492e-05
430500000.0,0.0006854722917322054,-2.418017752944888e-05
431000000.0,0.0008624625623350312,-2.9121175881656144e-05
431500000.0,0.0009178307407514643,-2.6650862534245766e-05
432000000.0,0.0011686845244310339,-2.8168098734647918e-05
432500000.0,0.0011090770824330974,-3.458792355467104e-05
433000000.0,0.0006483258657455003,-1.5614276880648837e-05
433500000.0,0.0009822649097960675,-4.333659824117561e-05
434000000.0,0.0011178045518591962,-4.261113008353711e-05
434500000.0,0.0010528955753344761,-3.937482488402665e-05
435000000.0,0.05489519078795585,0.019777334180431934
435500000.0,0.0004735582286277469,-1.2115546587156058e-05
436000000.0,0.00045474559745152423,-2.2113691700446903e-05
436500000.0,0.0004381284835072927,-1.971855269720604e-05
437000000.0,0.00042362017152882276,-2.7477231604095827e-05
437500000.0,0.0004282600686670412,-2.5229599581290797e-05
438000000.0,0.0004925626193421032,-2.2015167064379e-05
438500000.0,0.0005133681983679775,-2.961516934721329e-05
439000000.0,0.00048117284389415245,-1.8917160890918666e-05
439500000.0,0.0005477163723611084,-2.5787045055763905e-05
440000000.0,0.0017718882517780746,-8.771099636033447e-05
144000000.0,0.008191122829203501,-0.00042960341812525856
144500000.0,0.007822086935889089,-0.00044907839241936165
145000000.0,0.007314718888428245,-0.00044065911590550604
145500000.0,0.007166264638374227,-0.00037255039662765534
146000000.0,0.005882207014458827,-0.00022941600887590964
420000000.0,0.000739840791062787,-2.558683294669005e-05
420500000.0,0.0010966615439355707,-3.954552678609683e-05
421000000.0,0.01731207900500543,0.0002081078670904792
421500000.0,0.01318114599425415,0.00043282121343762945
422000000.0,0.016196892660864142,0.0002199716388347154
422500000.0,0.019275721525808455,0.0002242743521520662
423000000.0,0.012596638407427101,0.00045148924623466657
423500000.0,0.005761422516182852,8.54444369127955e-05
424000000.0,0.003833229751125665,-3.523724685809606e-05
424500000.0,0.0027351399285249142,-2.5055117610432416e-05
425000000.0,0.002175679577665834,-2.9362347345621566e-05
425500000.0,0.0016878352006597704,-2.8644494829894378e-05
426000000.0,0.0011343772483978082,-2.8546997657044224e-05
426500000.0,0.0007778458821787078,-5.791407352347599e-06
427000000.0,0.0003944222025128268,-2.69812114474533e-05
427500000.0,0.0003939753473181777,-2.6287436538464042e-05
428000000.0,0.00038707464231964685,-1.5480216135869084e-05
428500000.0,0.0004226590675565265,-3.580713605301245e-05
429000000.0,0.00036046240483475847,-2.8548997913581316e-05
429500000.0,0.000356932895971103,-2.265563458504714e-05
430000000.0,0.0005280201963963573,-2.4000365474595643e-05
430500000.0,0.000588005226379439,-2.638167633457918e-05
431000000.0,0.0007930333411809922,-2.2045853966098624e-05
431500000.0,0.0008202052187157569,-2.3317483523986387e-05
432000000.0,0.0009049013832856275,-2.588408903892456e-05
432500000.0,0.0009789763369433128,-2.139206558809221e-05
433000000.0,0.0005599249056817322,-2.6052542794157535e-05
433500000.0,0.0011653528777810559,-3.970896211301638e-05
434000000.0,0.001143829518945795,-4.773722037952079e-05
434500000.0,0.0010844869771031802,-4.4686624147425745e-05
435000000.0,0.0011418941281842931,-4.510667060214174e-05
435500000.0,0.00041604684252685383,-1.187033713924822e-05
436000000.0,0.00039334491037685263,-2.0736059069566146e-05
436500000.0,0.00040302290197753287,-1.4273482516220478e-05
437000000.0,0.00039183687874523685,-2.013863089252762e-05
437500000.0,0.00038024634207138824,-4.091211191365677e-06
438000000.0,0.0004550687078225214,-2.529069497210189e-05
438500000.0,0.00043886477733497305,-1.8234100334151146e-05
439000000.0,0.00044114659790616155,-2.418828311293516e-05
439500000.0,0.0004987031398599206,-1.3303826402531792e-05
440000000.0,0.001699697226161357,-8.709226553556455e-05
144000000.0,0.00811943239469873,-0.0004198667265436309
144500000.0,0.008060544286464216,-0.00048345705587257443
145000000.0,0.007799633621791216,-0.0004901599461550766
145500000.0,0.007778837805804252,-0.00041759922744968045
146000000.0,0.006344188910115512,-0.00030788378187809797
420000000.0,0.0007424383680050494,-1.3860734105112019e-05
420500000.0,0.0010842162568098059,-3.331620781701412e-05
421000000.0,0.019141667036344786,0.0003044471064953501
421500000.0,0.017246164580500357,0.0010281512600962906
422000000.0,0.012245672608426949,0.000390985281375154
422500000.0,0.012514152639958847,0.00023973339107454666
423000000.0,0.010618497467748948,0.00023856407065481373
423500000.0,0.006555400278692942,1.472551906681746e-05
424000000.0,0.0027366083020870617,1.0424716987185098e-05
424500000.0,0.0020836551030958823,-4.242056188093137e-06
425000000.0,0.0017112296895371265,-1.5436265690480758e-05
425500000.0,0.001196067586793048,-1.4302378525959925e-05
426000000.0,0.0011242665661891197,-1.6520512193144246e-05
426500000.0,0.0007355157771055741,-2.7405845336472845e-05
427000000.0,0.0004111081604478792,-1.6160384962611303e-05
427500000.0,0.0004002810097899166,-1.9079788056367665e-05
428000000.0,0.00040657017152564805,-2.8269149547052784e-05
428500000.0,0.00041909315494680576,-2.3090544942971225e-05
429000000.0,0.0004087339929728819,-1.692261306991986e-05
429500000.0,0.0004313459539949106,-2.7466284712628417e-05
430000000.0,0.0006158625531443564,-3.1169639978483916e-05
430500000.0,0.0006928115407359423,-1.2096512962861113e-05
431000000.0,0.010295839989380884,0.006346956808122961
431500000.0,0.0067931755119321315,0.0028518548402358926
432000000.0,0.0010205250036677783,-2.433147609590716e-05
432500000.0,0.0010746827132386446,-1.6161569619464874e-05
433000000.0,0.0006165549965283528,-3.2244575506440936e-05
433500000.0,0.0012011820455726351,-3.859076938743887e-05
434000000.0,0.001172481738537484,-4.2034113076388786e-05
434500000.0,0.001112137441206837,-4.896259749390499e-05
435000000.0,0.0009910257754043536,-3.79717977093803e-05
435500000.0,0.00045405692512313147,-1.728393386242602e-05
436000000.0,0.0004152009937576264,-1.636382013825915e-05
436500000.0,0.000421466260921934,-2.4220029227667306e-05
437000000.0,0.0004156596003073227,-2.3958235433492122e-05
437500000.0,0.0004218389403420266,-2.189921856528187e-05
438000000.0,0.0004848754753243156,-2.8287028508509107e-05
438500000.0,0.0004902194765167591,-1.6968930143318505e-05
439000000.0,0.0005008950362818843,-1.9036431427121132e-05
439500000.0,0.0005194290913558315,-2.281317705001747e-05
440000000.0,0.001780939183399702,-0.00010284893040631655
144000000.0,0.007150714551389093,-0.0003320611951171176
144500000.0,0.007537884198438466,-0.0004199652120428026
145000000.0,0.0076145316977940915,-0.0004834783211285403
145500000.0,0.007426427566225435,-0.00040544445253751574
146000000.0,0.0060974424535489066,-0.00029435601211280464
420000000.0,0.0007794313431405992,-6.983349518352422e-06
420500000.0,0.0010812220518048477,-3.0672293261016417e-05
421000000.0,0.017765767551539746,0.00042534026836446234
421500000.0,0.014271632730664525,0.00039443046075612713
422000000.0,0.014293977012987121,0.00019358578140750687
422500000.0,0.014697542954585398,-5.177146620600256e-05
423000000.0,0.012547057402858157,0.00010292227435577429
423500000.0,0.0071363217261846985,-3.243112277077865e-05
424000000.0,0.002959319895701336,-2.982572438646079e-06
424500000.0,0.0021898609291637794,-1.657069146880814e-05
425000000.0,0.0018586358544975211,-2.1630901938286232e-05
425500000.0,0.0012735626087751898,-2.1920768353894215e-05
426000000.0,0.0010950091830657302,-2.9123743784581328e-05
426500000.0,0.0006613240441985955,-2.2980850099313616e-05
427000000.0,0.0004098019928858171,-1.9539194723401036e-05
427500000.0,0.00039232277139920603,-9.41529487124071e-06
428000000.0,0.0004231907328485393,-1.829101117311932e-05
428500000.0,0.0004278484352962789,-2.645140220186175e-05
429000000.0,0.0004211326470305065,-2.7321692534377736e-05
429500000.0,0.0003928666390896095,-2.1076380455400934e-05
430000000.0,0.000594596831191466,-1.6543661153883263e-05
430500000.0,0.0006322547718656906,-2.07993448868135e-05
431000000.0,0.0008391890707049848,-1.7619602792642592e-05
431500000.0,0.0009699686356924688,-1.1989439867716263e-05
432000000.0,0.000952565530268036,-2.44341398406248e-05
432500000.0,0.001083395971526706,-3.316105091792773e-05
433000000.0,0.0006180585360920168,-2.2797989863007065e-05
433500000.0,0.0011997494928522592,-4.390957439029668e-05
434000000.0,0.001768184931930499,-8.270754457940783e-05
434500000.0,0.0031174300480759304,-0.00030168894292589084
435000000.0,0.0010570019866893003,-4.757607763432911e-05
435500000.0,0.00043197882744066125,-2.5715221141190504e-05
436000000.0,0.00039122644107207155,-2.819021905894385e-05
436500000.0,0.00040943125082698194,-2.5162138400991745e-05
437000000.0,0.000407558259812431,-2.3463834275145646e-05
437500000.0,0.00038053120937758063,-2.260093532069777e-05
438000000.0,0.03806871191544239,-0.015854072006602396
438500000.0,0.040635376424707714,-0.01744567724099132
439000000.0,0.04150797702912574,-0.017908488309281236
439500000.0,0.0040217823163325814,-0.000178514242081898
440000000.0,0.0017759349687411607,-9.920420535610797e-05
144000000.0,0.008185938935558572,-0.00042357790428421485
144500000.0,0.007542366120264911,-0.0004205938715815282
145000000.0,0.007183528106736895,-0.00042288161337419167
145500000.0,0.007064664429312742,-0.00035296010401159343
146000000.0,0.005801282466000786,-0.0002351672995914429
420000000.0,0.0007493688232570512,-2.2162270858251405e-05
420500000.0,0.0010934772910812173,-3.639147892984775e-05
421000000.0,0.019448503351334454,0.00010389172151078693
421500000.0,0.01695716756690556,9.562606854928053e-05
422000000.0,0.01492867237139852,0.00027954471108087957
422500000.0,0.01813119528509791,-0.0001266016295681134
423000000.0,0.015083096788715746,-1.7090591924644703e-05
423500000.0,0.010944739728255288,-4.077717503078379e-05
424000000.0,0.0025983927885348613,1.6142841816793813e-05
424500000.0,0.002024512479393591,4.7481766024793336e-06
425000000.0,0.0016082721235654814,-6.000514600410282e-06
425500000.0,0.0013278425445102057,-2.7703021253201905e-05
426000000.0,0.0011529683319974006,-1.6794318734194137e-05
426500000.0,0.0007551901460073249,-2.7981831852622106e-05
427000000.0,0.0009313212592101152,0.0001711523816919486
427500000.0,0.0009101305814125952,0.00026519033489003703
428000000.0,0.00039867752550469,-2.7459297889235735e-05
428500000.0,0.00040297728171586825,-1.9706209925159156e-05
429000000.0,0.0004055974984756515,-1.8142704300398564e-05
429500000.0,0.0004127475876126489,-2.2613065596058257e-05
430000000.0,0.0005740432533565673,-1.5173235529990123e-05
430500000.0,0.000600728394298725,-2.501807996808746e-05
431000000.0,0.0007596136944960951,-2.7086268773077096e-05
431500000.0,0.0007696217022825421,-2.5667208403349912e-05
432000000.0,0.000906010931913982,-2.95514868098445e-05
432500000.0,0.00101550628457165,-1.94613476435103e-05
433000000.0,0.0006066761352594741,-1.7791717079727675e-05
433500000.0,0.0011242326101469921,-4.202447271142322e-05
434000000.0,0.0009605635630963751,-3.7253668917170085e-05
434500000.0,0.0012851880905211303,-4.3094241766475794e-05
435000000.0,0.007069754212769369,-0.000958013731713313
435500000.0,0.0046874888452598466,-0.00044579897931205903
436000000.0,0.005279278229438472,-0.0007651256544413787
436500000.0,0.0003953852259452722,-2.252842192921944e-05
437000000.0,0.00036321482761467313,-1.9448473651047238e-05
437500000.0,0.00037403502737893505,-2.6702691506974975e-05
438000000.0,0.0004662697986283254,-2.6305271536968434e-05
438500000.0,0.0004597700216602632,-1.9502803969267344e-05
439000000.0,0.00043741183832088137,-2.468523094780885e-05
439500000.0,0.000507420773315702,-2.9193807317531433e-05
440000000.0,0.001750836416429232,-9.250776747047685e-05
144000000.0,0.007316521137239391,-0.00033855291824464503
144500000.0,0.0072924692093416545,-0.0003831910378936042
145000000.0,0.011250777368271542,-0.0007590854190761493
145500000.0,0.006878678379755579,-0.00031019339535769824
146000000.0,0.005735718452078483,-0.0002455853037785093
420000000.0,0.0007614416790801689,-8.531562165168627e-06
420500000.0,0.0006041508708560885,-3.071773709439272e-05
421000000.0,0.01835743539498321,0.00019574102853333903
421500000.0,0.01592673940647392,0.00026264638990628007
422000000.0,0.013273461205629958,-3.3340867630514068e-06
422500000.0,0.01651150322384535,0.00016613868803239985
423000000.0,0.015622818711533835,8.803713561623006e-05
423500000.0,0.0079030330243994,5.097389385340595e-05
424000000.0,0.0027896589051361457,1.8224026306071098e-05
424500000.0,0.0023662338197170695,-8.148299204493569e-06
425000000.0,0.0017272132179084595,-1.8249518964409553e-05
425500000.0,0.0012732545684379453,-1.3475458202365145e-05
426000000.0,0.0010741793320447014,-1.0734660740161243e-05
426500000.0,0.0006907868666196557,-1.649997411837218e-05
427000000.0,0.0004256230060651843,-1.3536957387701317e-05
427500000.0,0.00039102477794628775,-1.9718537978356392e-05
428000000.0,0.0003812168401495143,-2.5967434184755617e-05
428500000.0,0.0003833151114757705,-1.2901155652731593e-05
429000000.0,0.0004111704259253208,-2.9870148372514074e-05
429500000.0,0.0003997168469694182,-1.278133784002024e-05
430000000.0,0.0006209714724988547,-1.9017961703046433e-05
430500000.0,0.0006249766328421634,-2.0580582154955884e-05
431000000.0,0.0007529073483404413,-3.0397684518242206e-05
431500000.0,0.0008498625914411771,-2.421556872560243e-05
432000000.0,0.0009016488738384343,-2.526510070461886e-05
432500000.0,0.0009506125372099002,-2.2988903090936604e-05
433000000.0,0.0006062420815811079,-2.48294930209288e-05
433500000.0,0.001093394973950324,-3.687992390220775e-05
434000000.0,0.0010155734790462112,-4.447901981782435e-05
434500000.0,0.0011287185289746227,-4.3325915741275326e-05
435000000.0,0.025358648704757767,-0.008721360788027339
435500000.0,0.022085059192202685,-0.007519105297846334
436000000.0,0.01624339044312502,-0.005159756027476115
436500000.0,0.00041540851249703524,-3.163691106017433e-05
437000000.0,0.00042363110159550647,-3.014271384667403e-05
437500000.0,0.0004049998470700018,-1.3383376253656978e-05
438000000.0,0.000474740948026675,-1.9590130578644354e-05
438500000.0,0.00047198811682257295,-1.9751731653818106e-05
439000000.0,0.0004787817078909621,-1.2568488206134555e-05
439500000.0,0.0004884278528672471,-2.2371913835249178e-05
440000000.0,0.0017439847945597679,-0.00010382825754845656
144000000.0,0.007257539560362387,-0.0003467446767638112
144500000.0,0.007093503189881096,-0.00038424081727552383
145000000.0,0.006635755703013487,-0.00036816236482985383
145500000.0,0.0065300504613185,-0.00030702827718679434
146000000.0,0.005469013869318439,-0.0002038949878952435
420000000.0,0.0007503901136273011,-2.1210503262841687e-05
420500000.0,0.0010564732799844324,-4.162865542507683e-05
421000000.0,0.017024561645480937,0.0006263291805150119
421500000.0,0.021419322656959294,8.701579199409983e-05
422000000.0,0.010472931953875901,0.0001898770781357112
422500000.0,0.01614206725665948,0.0002460580902305465
423000000.0,0.010014234910257795,0.0001317378109752139
423500000.0,0.008200615245963543,8.502464901843226e-09
424000000.0,0.0028695565551532503,9.019600782991799e-06
424500000.0,0.0033923693423980055,-3.257068432598086e-05
425000000.0,0.0032075424449209836,-5.192135491827545e-05
425500000.0,0.0021125857799655133,-3.7119545910535914e-05
426000000.0,0.0012679685854993972,-2.5591866766625317e-05
426500000.0,0.0008919339718247852,-2.9009792091066273e-05
427000000.0,0.00044624482490847344,-1.990579734751903e-05
427500000.0,0.00043333394100593224,-2.3656885822265954e-05
428000000.0,0.0004177293614859054,-2.0828400874516197e-05
428500000.0,0.0004090095300305505,-2.87029601901588e-05
429000000.0,0.0004238151855071507,-2.350937702007405e-05
429500000.0,0.00042730371761400855,-3.203950595903054e-05
430000000.0,0.0006212507571708827,-2.1890479936642778e-05
430500000.0,0.0006900723450125419,-1.3105836174478363e-05
431000000.0,0.0008351391453682381,-2.9291728247666843e-05
431500000.0,0.0008528247444364106,-2.5254756234131413e-05
432000000.0,0.0009803660597255772,-2.278601195210251e-05
432500000.0,0.0010946438922757647,-1.5872336360289556e-05
433000000.0,0.0006008372924424401,-3.102124599214988e-05
433500000.0,0.0011094771539759463,-4.161292796051985e-05
434000000.0,0.0010609212475168855,-3.497517731318602e-05
434500000.0,0.0010951036608021047,-5.046076175445655e-05
435000000.0,0.000904780617179921,-3.9936508379995455e-05
435500000.0,0.00043492417056671694,-9.83602373034941e-06
436000000.0,0.0003884596040490768,-1.4400225728917164e-05
436500000.0,0.00039823299013530945,-1.8154648106940337e-05
437000000.0,0.00039921093457479244,-1.921902820951603e-05
437500000.0,0.0004101961889042899,-1.6576118587281486e-05
438000000.0,0.0004658080987510506,-2.1448132677554736e-05
438500000.0,0.0004667422308431382,-2.469077690716101e-05
439000000.0,0.00046620404290438237,-1.4687768691346568e-05
439500000.0,0.0004778559215450071,-2.1885077247412295e-05
440000000.0,0.001778187776338371,-9.541173959121943e-05
144000000.0,0.008951064572291102,-0.0005050176804160529
144500000.0,0.008829674453017912,-0.0005642863938388784
145000000.0,0.008396200377786541,-0.0005775393344212894
145500000.0,0.008255474064479592,-0.00047936138084808764
146000000.0,0.006833182342776544,-0.00034510086759012397
420000000.0,0.0007688151478245943,-2.6726679854102784e-05
420500000.0,0.0010293030019640546,-3.091211541797766e-05
421000000.0,0.015036020571491797,0.00036194703029937287
421500000.0,0.0183072502296778,6.61459878956534e-05
422000000.0,0.015162831039074072,3.0880989542875215e-06
422500000.0,0.013676626935767667,-8.936506084487091e-05
423000000.0,0.010560097006488595,-1.7521367371474764e-06
423500000.0,0.006399159753605848,4.605429050937547e-06
424000000.0,0.0031155777014300525,3.942172979079679e-06
424500000.0,0.002940810655621853,-3.506961415878263e-05
425000000.0,0.001984759294036773,-1.5117662679000146e-05
425500000.0,0.0016017269432933273,-2.5420435002434637e-05
426000000.0,0.0010292479821361878,-1.0980972270568262e-05
426500000.0,0.0007490995556018621,-2.4190100840318677e-05
427000000.0,0.0004482130809936592,-2.3358003183514503e-05
427500000.0,0.00040114603092850505,-2.044752917036664e-05
428000000.0,0.00040449054718396814,-1.6676166943412654e-05
428500000.0,0.00041816740109292786,-1.598530025817991e-05
429000000.0,0.0004089652548404727,-1.9164207432976267e-05
429500000.0,0.00039896464970233286,-2.4828973368765784e-05
430000000.0,0.000608831349260229,-1.1238540643988295e-05
430500000.0,0.000743745769667779,-1.724449596859429e-05
431000000.0,0.0008305024597467201,-3.4863652200471575e-05
431500000.0,0.00083955048499535,-2.6545604977265113e-05
432000000.0,0.0009343959400735043,-3.278412077571598e-05
432500000.0,0.0010614421720792585,-2.07313299323853e-05
433000000.0,0.0006801672707189223,-2.1294727542774008e-05
433500000.0,0.001649305927580538,-2.2891606139620086e-05
434000000.0,0.0322939637500916,0.011266516262956716
434500000.0,0.0009025118006593372,-2.88652899103944e-05
435000000.0,0.0009891134412713058,-3.0735393119265435e-05
435500000.0,0.0004314265741321854,-1.746430868283669e-05
436000000.0,0.0004079459957651171,-1.9322409351767492e-05
436500000.0,0.0004102599217104488,-2.347513996191775e-05
437000000.0,0.0003972067162566373,-1.256337377926231e-05
437500000.0,0.0004039774692967782,-1.865559709766888e-05
438000000.0,0.0004464408625353284,-2.158970948373882e-05
438500000.0,0.00047678045141097576,-2.033105742909366e-05
439000000.0,0.00046875368316336196,-1.7170975307901715e-05
439500000.0,0.0005110217811647298,-1.433407259120715e-05
440000000.0,0.0017720194424548088,-9.42099335466478e-05
144000000.0,0.007081632147281434,-0.0003263010516440898
144500000.0,0.0070001529337664885,-0.0003534257838363258
145000000.0,0.006651020718051542,-0.00036582945765027295
145500000.0,0.0065747963390757206,-0.00031070348380442866
146000000.0,0.005580004010286067,-0.00023853542642129476
420000000.0,0.0007371633233930493,-8.610662216836421e-06
420500000.0,0.0006300084471087122,-1.7046182636873506e-05
421000000.0,0.013103824301472417,0.000358093090978044
421500000.0,0.012942783146887998,0.00022688741032837745
422000000.0,0.011137861321705987,8.897954259297434e-05
422500000.0,0.011010112489964852,9.264997084021832e-05
423000000.0,0.010877464189267378,8.437855906962e-05
423500000.0,0.010762231894121618,-0.00010579770478586024
424000000.0,0.002777916097674373,4.9532148945367676e-05
424500000.0,0.0023299756169835152,9.023408319782864e-06
425000000.0,0.001918044449525725,-1.595934510143697e-05
425500000.0,0.001429964210906543,-2.8135041446510274e-05
426000000.0,0.0010677903883245287,-1.66317133679858e-05
426500000.0,0.0007751961907963073,-2.6128922248383772e-05
427000000.0,0.0004446271479762639,-1.7998317473153993e-05
427500000.0,0.00041224198415360945,-1.7148229014483652e-05
428000000.0,0.0004263595418291801,-1.5857693095187425e-05
428500000.0,0.0003964568710760661,-2.2130171270233896e-05
429000000.0,0.00042698674000133936,-2.2144664892627592e-05
429500000.0,0.0004144681829709149,-2.1265178968398526e-05
430000000.0,0.000612593328909615,-2.576764984196767e-05
430500000.0,0.0006657695728585694,-2.375206790425382e-05
431000000.0,0.000790245340204057,-2.67366105672713e-05
431500000.0,0.0009286454338524018,-2.6721335584452754e-05
432000000.0,0.0010337346607128394,-2.7631207331978483e-05
432500000.0,0.0010300943167711732,-3.1691044060622045e-05
433000000.0,0.0006113186661881013,-2.496533429701794e-05
433500000.0,0.001003807277046282,-4.469094135498296e-05
434000000.0,0.0009905087743913039,-4.349821398604394e-05
434500000.0,0.0009395926029139891,-3.20255426792424e-05
435000000.0,0.0010550345920059625,-4.1095599792610434e-05
435500000.0,0.00046646775139915506,-2.1830913061325846e-05
436000000.0,0.00041761089664357027,-1.675448044614292e-05
436500000.0,0.0004256226156760363,-3.204688965264329e-05
437000000.0,0.00040988070671065706,-1.1269060064032934e-05
437500000.0,0.03286279297004183,-0.013123687150996368
438000000.0,0.03842320450562491,-0.01626214683276135
438500000.0,0.04187589332642514,-0.018136468633902194
439000000.0,0.04092636248601193,-0.017631183533583793
439500000.0,0.0035765409082092916,-0.0001155085145070347
440000000.0,0.0017553356016507845,-7.709205940948868e-05
144000000.0,0.006964005481286524,-0.00031391723100926763
144500000.0,0.006959414491325512,-0.0003580373257976721
145000000.0,0.006724333130368969,-0.0003685619536337747
145500000.0,0.006712183220296297,-0.00035176082325488875
146000000.0,0.00568164981653179,-0.00023636830370685072
420000000.0,0.000735805039881348,-1.8001028928733506e-05
420500000.0,0.0006046801556278915,-1.0023731497814587e-05
421000000.0,0.011006553563921839,0.0005451107796113196
421500000.0,0.009099912483254247,0.0003402905475088447
422000000.0,0.013199129728458775,0.0004710559960299371
422500000.0,0.010784990119155746,0.0002934682688173259
423000000.0,0.009216792998043356,0.00010341046437995155
423500000.0,0.0063169568420461935,6.636243711123516e-05
424000000.0,0.002902955831191536,2.7548278612459128e-06
424500000.0,0.002317107214698615,-6.157021888131406e-06
425000000.0,0.0019265175529040986,-4.202753395127668e-06
425500000.0,0.0015048768522646651,-2.0371291965968477e-05
426000000.0,0.001244390238594741,-3.114002090504563e-05
426500000.0,0.0007887788105492813,-1.94535907916644e-05
427000000.0,0.00043037973814329274,-2.6093689658526667e-05
427500000.0,0.0004228658687148068,-3.544990799887477e-05
428000000.0,0.0004168795534771579,-1.7862359681798152e-05
428500000.0,0.00039470569325472345,-2.13273211080545e-05
429000000.0,0.0003966690955830504,-1.4274558079651359e-05
429500000.0,0.00040623213899979846,-2.9932068261415113e-05
430000000.0,0.0005824693442340735,-2.5785071897210527e-05
430500000.0,0.000654046571216496,-2.639936890081471e-05
431000000.0,0.0008148609228298916,-2.7140074279172102e-05
431500000.0,0.0008670278160020578,-2.7799549049383875e-05
432000000.0,0.0009493474621568191,-1.7874731731215413e-05
432500000.0,0.0010070545446488313,-2.6643715458373124e-05
433000000.0,0.0006286588788093442,-2.1630545900282845e-05
433500000.0,0.0010043776110670538,-3.007338326936539e-05
434000000.0,0.0009824269017609107,-3.920969206589733e-05
434500000.0,0.001218349107263919,-2.7343693600119382e-05
435000000.0,0.0010333036588784977,-3.565960673412806e-05
435500000.0,0.00043727328077192704,-2.6717835955896406e-05
436000000.0,0.0004211658730346444,-1.794317880859258e-05
436500000.0,0.0003995717685014353,-1.5937112628305682e-05
437000000.0,0.00042284190665747775,-2.0864241783021876e-05
437500000.0,0.00041492919705136467,-2.590377188191979e-05
438000000.0,0.0005136208469335011,-1.7820614279647238e-05
438500000.0,0.0005084004302525353,-1.0015773722363243e-05
439000000.0,0.005922184359203994,0.0013002280753410013
439500000.0,0.000583290596510476,5.021662544380326e-06
440000000.0,0.0018079177637901414,-0.00010185851065340425
144000000.0,0.008214371216076261,-0.00043522812786306146
144500000.0,0.008131322365062976,-0.00047200845442834597
145000000.0,0.00765350840956733,-0.00047054612099799165
145500000.0,0.007294467893096589,-0.0003884597965793102
146000000.0,0.006049462207221514,-0.0002707372285256828
420000000.0,0.0007817545574250514,-1.3057114463612058e-05
420500000.0,0.0006198002881873891,-1.6404429389593462e-05
421000000.0,0.020522173659403318,0.00015332537418686829
421500000.0,0.015372385486769398,0.0004682911880783116
422000000.0,0.014399432259750853,0.00038869817171968083
422500000.0,0.012618205183197747,0.00013972704272029526
423000000.0,0.00816858961206092,0.0003143576953138082
423500000.0,0.005318801186036232,0.00011621633072898254
424000000.0,0.002938434421268551,-4.746458739514174e-07
424500000.0,0.002336684748572771,3.705296865252764e-06
425000000.0,0.002460498018296263,-3.539209416633356e-05
425500000.0,0.002122733600313821,-3.717598941431347e-05
426000000.0,0.0017747192713025882,-3.115320317006705e-05
426500000.0,0.0007844822453376742,-2.2956601585534617e-05
427000000.0,0.0004620994820579036,-1.307985262156321e-05
427500000.0,0.0004550926438858574,-2.6170505714676978e-05
428000000.0,0.00043301482959796466,-2.707614682651279e-05
428500000.0,0.00041476455818874867,-2.4753876305692532e-05
429000000.0,0.0004426223990676171,-2.2961600874280507e-05
429500000.0,0.0004596565331356346,-2.7302942587043347e-05
430000000.0,0.0005810749768863254,-1.6562503918200484e-05
430500000.0,0.0006096655265441244,-3.1050624166840116e-05
431000000.0,0.0007258596255979169,-2.2019504810348112e-05
431500000.0,0.0008673704780373457,-1.5752575975603537e-05
432000000.0,0.0010757433786908357,-2.733985615663813e-05
432500000.0,0.0010330777534515267,-2.70528793999055e-05
433000000.0,0.0006057802891749938,-2.685776605116871e-05
433500000.0,0.0010964859755872949,-5.0756356476052724e-05
434000000.0,0.0010350461853139601,-3.6583255251999033e-05
434500000.0,0.001089037154207451,-4.196490456245014e-05
435000000.0,0.0009963439532529666,-4.139582412607934e-05
435500000.0,0.0004291185241114909,-1.8322336452712213e-05
436000000.0,0.00039063800404037915,-1.473864279106924e-05
436500000.0,0.0004025207167021115,-2.005446487305217e-05
437000000.0,0.0003997853088395949,-1.847511434222818e-05
437500000.0,0.00037718401435467253,-2.3589446328825075e-05
438000000.0,0.0004557497903045888,-2.652810022053768e-05
438500000.0,0.00048243377504838213,-2.674711607310895e-05
439000000.0,0.00045386240873816004,-1.7897388116187553e-05
439500000.0,0.0005202696509370626,-2.0113518406113246e-05
440000000.0,0.0017528435839073019,-9.855851695202567e-05
144000000.0,0.0068459588870479,-0.00030109404221689666
144500000.0,0.007937429052494518,-0.00045273199819452275
145000000.0,0.007605845152914261,-0.00048391480954419275
145500000.0,0.006972940206208358,-0.0003548362111501081
146000000.0,0.006038632985633005,-0.0002797615071712632
420000000.0,0.0007577746315903927,-9.751815039706958e-06
420500000.0,0.0006335629300228537,-3.001876557751982e-05
421000000.0,0.020509470554455976,-1.270319906553248e-05
421500000.0,0.021441634113234517,1.2319805888123814e-07
422000000.0,0.019260866404674948,-0.0001526529098709612
422500000.0,0.01674565238700548,-0.00014717469702341893
423000000.0,0.014207628840381598,-6.828578370501534e-05
423500000.0,0.009019022098503448,-6.763440983002193e-05
424000000.0,0.0028811944975025497,1.2241558617545308e-05
424500000.0,0.0025112637843177905,-1.4873843291386257e-05
425000000.0,0.0021001593472315793,-2.727068009467711e-05
425500000.0,0.0018050066246594364,-4.115859914421418e-05
426000000.0,0.001536191450117361,-2.943355222522826e-05
426500000.0,0.0007827561686101378,-2.4089650950286708e-05
427000000.0,0.0004191539079347503,-1.2503474313878591e-05
427500000.0,0.0003850387999861764,-1.856555957463428e-05
428000000.0,0.0003851633024405534,-3.032535599338507e-05
428500000.0,0.00041351812999471425,-2.1529203797711295e-05
429000000.0,0.0004311453965894257,-2.8967828617936767e-05
429500000.0,0.000431936250171052,-2.2349724228364548e-05
430000000.0,0.0005761495404983608,-3.087864115134881e-05
430500000.0,0.0006907856632258661,-2.087704583052691e-05
431000000.0,0.0007525736703412444,-2.856132233168134e-05
431500000.0,0.0008228142734690691,-4.146926614767679e-05
432000000.0,0.000979501666973749,-1.5198967926660818e-05
432500000.0,0.000989042721465222,-3.1895270602759105e-05
433000000.0,0.0005724224926587358,-2.7291344856472812e-05
433500000.0,0.0011096055147318128,-5.243099233055639e-05
434000000.0,0.001094500552513327,-4.1249296069050716e-05
434500000.0,0.0010482965635715625,-2.3434696061051157e-05
435000000.0,0.06444382230347724,0.019818960160873828
435500000.0,0.0004312251489340329,-1.2653695956076354e-05
436000000.0,0.00039336369506035203,-1.684810968962305e-05
436500000.0,0.0004075316860940885,-3.242616141793138e-05
437000000.0,0.00040275631577838824,-1.7883307065672753e-05
437500000.0,0.00039024578933497786,-2.5419822893278876e-05
438000000.0,0.00047153363457294606,-1.8033765368766257e-05
438500000.0,0.00045180911085166363,-2.8117017265823755e-05
439000000.0,0.00044915343830628123,-3.173175335576141e-05
439500000.0,0.000491042671272546,-2.9458901451829552e-05
440000000.0,0.0017613531499657145,-8.715604649350579e-05
144000000.0,0.008142029648090554,-0.0004284504595129528
144500000.0,0.007919426367572837,-0.00047445891777503444
145000000.0,0.007638815636262711,-0.0001389601165215264
145500000.0,0.0073367255283961486,-0.00039224181296316097
146000000.0,0.0060149692817978145,-0.0002568712148622028
420000000.0,0.0009132783627471604,0.00014337333638924824
420500000.0,0.0007657816426693949,8.62145444592426e-05
421000000.0,0.008535997471432293,0.000879913672105645
421500000.0,0.007771088610107441,0.0005789071425388462
422000000.0,0.008650180739842415,0.0003868020073060129
422500000.0,0.011580797967478374,0.00043681617377146036
423000000.0,0.0077680039969838435,0.00028361616094276215
423500000.0,0.004876524637286484,4.830819750648507e-05
424000000.0,0.0025163645493628617,3.0117299220070674e-05
424500000.0,0.002389450708960428,2.462002622176298e-06
425000000.0,0.0016739330902470141,-1.1399038765999895e-05
425500000.0,0.0012815910134066299,-2.467310757462576e-05
426000000.0,0.0010846903359705284,-2.2947615252062075e-05
426500000.0,0.0007035616100942577,-2.1300798118439044e-05
427000000.0,0.0004248094353942507,-2.4389312876559526e-05
427500000.0,0.0004106877885773169,-1.723487073053645e-05
428000000.0,0.00041959276936662725,-1.2640076760058366e-05
428500000.0,0.00039617209832372934,-1.680168048050093e-05
429000000.0,0.0004184186623557287,-2.0379371000810452e-05
429500000.0,0.000424736449642033,-1.4570039688315993e-05
430000000.0,0.0006373863089575481,-2.5520488266887818e-05
430500000.0,0.0007040251625505445,-1.2508584132066335e-05
431000000.0,0.0008961161009311197,3.528425266563647e-07
431500000.0,0.0009305935605511544,-1.0975534834855856e-05
432000000.0,0.001083794414962972,-3.748473239123637e-05
432500000.0,0.0010695395817075287,-1.1695054700170326e-05
433000000.0,0.000636756407802727,-2.2074672697704255e-05
433500000.0,0.0010567245971086331,-2.800918019854647e-05
434000000.0,0.0012674703952886804,-2.4330206484583913e-05
434500000.0,0.0009752116960521333,8.341423069774668e-07
435000000.0,0.0009717257530627436,-2.588437454284769e-05
435500000.0,0.000458716697456347,-1.1898652506906214e-05
436000000.0,0.0005504593989364562,-3.923833778971019e-06
436500000.0,0.0005753574805703562,4.397689646661046e-06
437000000.0,0.00047759007795207043,-8.557704357281992e-06
437500000.0,0.0006370662688518706,-1.443417381078154e-05
438000000.0,0.0006896362521801502,1.9049024854888913e-05
438500000.0,0.0006715536761001449,1.535128361128494e-05
439000000.0,0.000563230135926997,-1.3784413544632026e-05
439500000.0,0.0005409420908810774,-1.890870459196801e-05
440000000.0,0.001808611790352642,-8.5635619113987e-05
144000000.0,0.008146747185122573,-0.0004332284150188469
144500000.0,0.007960779092859971,-0.0004631390243347781
145000000.0,0.007460737799874917,-0.00045298706705233435
145500000.0,0.035125102675897434,-0.006171998227869792
146000000.0,0.04649196840971548,-0.013820040866242745
420000000.0,0.0007756841851455909,-2.0028326795156154e-05
420500000.0,0.0006420475251029174,-2.444683815763999e-05
421000000.0,0.01297734239935051,0.000370279562982391
421500000.0,0.010548839713327917,0.0003329658994228194
422000000.0,0.007960282434101533,0.0003573397679163667
422500000.0,0.009630474102162716,0.00037171036410348253
423000000.0,0.009313581518706768,0.00019957331072969434
423500000.0,0.005035775149179076,0.00010692961238005722
424000000.0,0.002712290334500275,2.259289702704931e-05
424500000.0,0.0022421364846566365,3.3734163451250255e-06
425000000.0,0.0016098284327495539,-1.6731066771310133e-05
425500000.0,0.00108642119889838,-2.0060907468846887e-05
426000000.0,0.0009676253456152769,-2.2002589068176694e-05
426500000.0,0.0007304939327494348,-3.0577029357618064e-05
427000000.0,0.00043574503931336373,-2.0142636647232774e-05
427500000.0,0.00040819325076183334,-2.1340483142863047e-05
428000000.0,0.00040533641276895504,-2.2270804845346174e-05
428500000.0,0.00040221322127239364,-2.512141118493909e-05
429000000.0,0.0004075197570670009,-1.2224533074433876e-05
429500000.0,0.0004281545533407632,-1.7467690993364402e-05
430000000.0,0.000715606932634096,-3.0301062907053366e-05
430500000.0,0.000603367820755284,-1.9230599515635233e-05
431000000.0,0.0007619014144081352,-1.5500852828583954e-05
431500000.0,0.018873862854542844,0.010454785772043361
432000000.0,0.0009023293052606994,-3.887002174655853e-05
432500000.0,0.0009961292138752143,-2.5357876083059933e-05
433000000.0,0.000591247290734599,-2.8871887592020663e-05
433500000.0,0.0010678592810322324,-4.289158539426126e-05
434000000.0,0.0010152428616042243,-3.1610621683354756e-05
434500000.0,0.0009358908458300483,-2.8279004288569694e-05
435000000.0,0.001057841387689321,-3.420674291092511e-05
435500000.0,0.0004608210907461186,-2.1220228263408246e-05
436000000.0,0.00043318800905717877,-1.1050995242056842e-05
436500000.0,0.00043564883258759583,-2.3297380378136138e-05
437000000.0,0.0004187422444032126,-9.961388084074e-06
437500000.0,0.03201066424903963,-0.012675265313364981
438000000.0,0.008025646547823876,-0.002948570268744069
438500000.0,0.0005039068387244778,-3.7167626426754414e-05
439000000.0,0.0005116145118219745,-1.472647230755668e-05
439500000.0,0.0005642495981874811,-1.899379775116073e-05
440000000.0,0.0018399500115461181,-8.06936460472405e-05
144000000.0,0.007568693512668877,-0.00037459185120355997
144500000.0,0.007400861944521127,-0.0004028146022679725
145000000.0,0.006745497597535844,-0.00036889526118386853
145500000.0,0.00681233755131855,-0.0003513975410762301
146000000.0,0.00630591880773172,-0.000291698762399407
420000000.0,0.0008001754348963996,-2.2034490204884103e-05
420500000.0,0.0006464632898654259,-2.5414983766016265e-05
421000000.0,0.008561850107983552,0.0009083074732953523
421500000.0,0.009094052241290423,0.00024808827097756595
422000000.0,0.008570684058287963,0.00044350235240033474
422500000.0,0.008111126736578732,0.00017901451463806037
423000000.0,0.007812354275496332,9.116015325607999e-05
423500000.0,0.006445738229364742,8.526449648800722e-05
424000000.0,0.002936734726887408,7.62303289215515e-06
424500000.0,0.00213165088720124,8.883829481052966e-07
425000000.0,0.0019660595477477174,-1.190769362651768e-05
425500000.0,0.0012802997565945662,-1.5092137742803353e-05
426000000.0,0.001067027897074961,-1.5042711335578381e-05
426500000.0,0.000732454923627947,-3.019117161657701e-05
427000000.0,0.0004926664961793333,-1.55703072293224e-05
427500000.0,0.00045701059034457335,-2.7460503550928397e-05
428000000.0,0.0004689729530292236,-1.997191231735212e-05
428500000.0,0.0004581617050110092,-1.7352817752721542e-05
429000000.0,0.0004897924282999988,-2.5075192789229567e-05
429500000.0,0.0004596281363868542,-1.9818729764343714e-05
430000000.0,0.0006914776588067224,-2.832445435177976e-05
430500000.0,0.0007075167187574709,-2.5089734503847124e-05
431000000.0,0.0009188293031943642,-1.8073521762027695e-05
431500000.0,0.000903542622164884,-3.5182059015531804e-05
432000000.0,0.0010035910528641847,-2.3451814150684766e-05
432500000.0,0.0011602326281963293,-3.3630661455645887e-05
433000000.0,0.0006517963833645613,-2.219476687602282e-05
433500000.0,0.0010492856219729842,-3.701640064972158e-05
434000000.0,0.0010080803306409185,-3.9164400766129924e-05
434500000.0,0.0012259348588283285,-3.8576011562426273e-05
435000000.0,0.0011108227759201177,-3.9962033239194215e-05
435500000.0,0.0004882972264769674,-2.1585045001158823e-05
436000000.0,0.00042485975900122497,-2.3802785606360144e-05
436500000.0,0.0004289718511579801,-2.746423570838756e-05
437000000.0,0.0004342542617128106,-1.737295518047593e-05
437500000.0,0.00042079780339651006,-2.342399794243665e-05
438000000.0,0.000500294405526073,-1.8460250008271365e-05
438500000.0,0.0004834899162719277,-2.7740194293519806e-05
439000000.0,0.00046371335832533125,-2.215538734169845e-05
439500000.0,0.0005075480625749756,-2.219764612499222e-05
440000000.0,0.0017778465322707522,-9.654054860098809e-05
144000000.0,0.007059452490843459,-0.00033221489886095046
144500000.0,0.009780416372674685,-0.0005896460162590706
145000000.0,0.01060539431027633,-0.0006879417520073601
145500000.0,0.006386583484190259,-0.0002950308260261602
146000000.0,0.0052638899491955615,-0.00021210715966781847
420000000.0,0.0007566399937453067,-1.3906114250973535e-05
420500000.0,0.0010269793867741055,-3.178611758440636e-05
421000000.0,0.014360325202309137,0.0005501352476963792
421500000.0,0.011323095328184013,0.0005568040737877981
422000000.0,0.009807064375857521,0.0003565357699407152
422500000.0,0.009795009036770993,0.0002832988205675926
423000000.0,0.0077005307365619925,0.00024642477888135294
423500000.0,0.0037559432950236716,8.10003368633802e-05
424000000.0,0.0026199760952280403,1.9184470496795168e-05
424500000.0,0.0028492905428776504,-1.2189002071865589e-05
425000000.0,0.0028151437149723014,-3.835752238484018e-05
425500000.0,0.0019363015036390164,-3.8565534614101206e-05
426000000.0,0.001584616112172787,-2.9959738186581715e-05
426500000.0,0.0008412045930737044,-2.2136468215798184e-05
427000000.0,0.0003994316611427751,-1.7465924183318317e-05
427500000.0,0.0016435064412819022,0.0007075808755738167
428000000.0,0.0004176894207439705,-1.5895141169423708e-05
428500000.0,0.000378356644823952,-1.5570509606329915e-05
429000000.0,0.00041147573916290126,-1.3045792012669446e-05
429500000.0,0.00041965764926165,-3.226717071852034e-05
430000000.0,0.0006372009839828994,-3.106207002767376e-05
430500000.0,0.0006033122179410873,-2.1739452797339963e-05
431000000.0,0.0007512588618345688,-2.344141921539316e-05
431500000.0,0.000819138590046693,-2.2860387014196333e-05
432000000.0,0.000941944630468824,-3.084956665609228e-05
432500000.0,0.001065069592284117,-2.5944213341762463e-05
433000000.0,0.0017083024373252056,0.0001512540095567576
433500000.0,0.0013615874948019158,2.1168968182565164e-05
434000000.0,0.001009936447401204,-4.453108972315772e-05
434500000.0,0.0010972824378749227,-4.3525306445927107e-05
435000000.0,0.001005727268090211,-3.7793269285882596e-05
435500000.0,0.0004395354942755776,-2.251016597013027e-05
436000000.0,0.0004243632419827438,-1.4347429472347906e-05
436500000.0,0.0004221662502433138,-1.4544553804632756e-05
437000000.0,0.00038398548726702587,-2.011866130085724e-05
437500000.0,0.0003742677757942386,-1.5742298549348857e-05
438000000.0,0.00046719770294591966,-1.987783455993227e-05
438500000.0,0.0004575024699131516,-3.291669971981358e-05
439000000.0,0.0004499115829182148,-1.6711177126761537e-05
439500000.0,0.00050265796136819,-1.386704019673229e-05
440000000.0,0.001793629002918485,-8.965160701441491e-05
144000000.0,0.007505256316811459,-0.0003772108156657539
144500000.0,0.007381654063923504,-0.0004109163497005193
145000000.0,0.007012463436423722,-0.00040423508205245356
145500000.0,0.0068875924666672176,-0.00036378357285155255
146000000.0,0.005678690719341992,-0.00022737525087219556
420000000.0,0.0008059035723366207,-2.5956124614872397e-05
420500000.0,0.0006254856987339982,-2.3989907710529872e-05
421000000.0,0.009362178268641707,0.0009561867263137096
421500000.0,0.008759443150981447,0.0005400246940057227
422000000.0,0.011924362143666649,0.00020680777412205795
422500000.0,0.012866226329240036,0.000182294106026438
423000000.0,0.010187696004391518,0.00035665085706676394
423500000.0,0.005014830080179195,0.00016744654694988677
424000000.0,0.0029622977599815404,-5.5505777707403215e-06
424500000.0,0.002022210842450812,-8.809111787186092e-07
425000000.0,0.0021907708989583477,-2.1288317191065138e-05
425500000.0,0.0013143089696170652,-2.9377814515144486e-05
426000000.0,0.001059532618953165,-2.565832939057424e-05
426500000.0,0.0007248990735235058,-2.2312355353179146e-05
427000000.0,0.0004347617866032815,-1.6530169332050043e-05
427500000.0,0.00041158942207331924,-2.477240495061026e-05
428000000.0,0.00043758427026372365,-1.7273183659147375e-05
428500000.0,0.00042394349890650197,-2.3978847528026512e-05
429000000.0,0.0004188012078831728,-1.7478137517816468e-05
429500000.0,0.0004347913891634818,-2.4710110265290224e-05
430000000.0,0.0006346312846068332,-2.812915691241416e-05
430500000.0,0.0006900687470796615,-2.485482737016358e-05
431000000.0,0.000730843920236516,-2.0177702841915276e-05
431500000.0,0.0008376384544551438,-3.076187660782433e-05
432000000.0,0.0009539209825378491,-2.8382161339015255e-05
432500000.0,0.001065687863328634,-3.5273907638227596e-05
433000000.0,0.0006308616564684472,-2.135031082505759e-05
433500000.0,0.0011438076663446172,-4.271092634721481e-05
434000000.0,0.0010409000399393153,-5.253181364504839e-05
434500000.0,0.0011170671996899974,-2.091775058636131e-05
435000000.0,0.008520180279197306,0.005240915160043155
435500000.0,0.0030569247088270543,0.0009425935049808545
436000000.0,0.0007284094016987513,4.969245498929629e-06
436500000.0,0.00042368853808590903,-2.722954612360541e-05
437000000.0,0.00040413802759671946,-2.5716043878763804e-05
437500000.0,0.00041739101799265807,-1.5620214257059322e-05
438000000.0,0.0004711507677765845,-1.8566201897502106e-05
438500000.0,0.00046915185312757754,-2.8256183493152254e-05
439000000.0,0.00043007421955843373,-2.2232663282246062e-05
439500000.0,0.0004937026021158615,-2.112633259040086e-05
440000000.0,0.0017740320432257039,-9.747970857826511e-05
144000000.0,0.007830566591215116,-0.0003936547661848788
144500000.0,0.007546529014111546,-0.00042603813226484415
145000000.0,0.011026906331710405,-0.0006628865074602619
145500000.0,0.010464494341952695,-0.000571075206762848
146000000.0,0.009614899409684617,-0.0005356324995640111
420000000.0,0.0007585468997114025,-1.3779449238442729e-05
420500000.0,0.0005901657768908222,-1.9634713945673287e-05
421000000.0,0.01002553125855272,0.001027671156981924
421500000.0,0.009437253581673513,0.0006804125852303473
422000000.0,0.008838167511187453,0.00038565647908743884
422500000.0,0.00979229898317941,0.0006659347120864878
423000000.0,0.0073248231449980356,0.00036698848612091127
423500000.0,0.005785243743122726,9.350328222822949e-05
424000000.0,0.0034386004761022384,1.8179537155152935e-06
424500000.0,0.001996828209460663,1.9201043958955557e-06
425000000.0,0.0018958053130424402,-1.441257700501603e-05
425500000.0,0.001626904310583155,-1.4712458186030516e-05
426000000.0,0.001123023690540467,-1.3120523943092725e-05
426500000.0,0.0007527713067381498,-1.463741000195314e-05
427000000.0,0.00044425890773561877,-7.864072109184622e-06
427500000.0,0.0004526763951611805,3.0030139080517863e-05
428000000.0,0.00045692827315401666,3.5597700598956675e-05
428500000.0,0.00039505026714002254,-7.895455129060692e-06
429000000.0,0.0004583878175640407,1.9251088883308234e-05
429500000.0,0.0004185702165574613,2.1880585933840808e-05
430000000.0,0.0006304851719185783,1.4049800450765594e-05
430500000.0,0.0006472075904896105,3.792728998866003e-05
431000000.0,0.000768294289457707,-2.939993234948857e-06
431500000.0,0.0007804133988848889,-1.7162216203019066e-05
432000000.0,0.0009433791417384192,-1.9348870405488765e-05
432500000.0,0.0010055851199901212,-2.238252850005778e-05
433000000.0,0.0005909103409943493,-7.5560046661107935e-06
433500000.0,0.0010734527554166955,-4.326233166702058e-05
434000000.0,0.0010848703925523864,-1.4910699219521128e-05
434500000.0,0.0011300085825886898,-3.91049330752291e-05
435000000.0,0.0011823209520038483,-4.1103911616387104e-05
435500000.0,0.00045713790020462746,-1.8457516368721805e-05
436000000.0,0.00041149052194828123,-1.745198098407558e-05
436500000.0,0.0004481868441492775,-1.6307125032315222e-05
437000000.0,0.0004317563806938918,-2.120820854448026e-05
437500000.0,0.00042002919007028556,-7.696005677620716e-07
438000000.0,0.0004979325462435344,-3.0377635132000728e-05
438500000.0,0.0005225796208180395,-2.3665495751908815e-05
439000000.0,0.0004886427526019638,-1.8305031453005438e-05
439500000.0,0.0005557595366781649,-1.0380685487769404e-05
440000000.0,0.0018963386875329076,-6.231982468281089e-06
144000000.0,0.007976119248415955,-0.00036915344444405935
144500000.0,0.007764661368973226,-0.000388486718063275
145000000.0,0.012229141299020637,-0.0007906104136955246
145500000.0,0.010804183973486267,-0.0005646536752229913
146000000.0,0.009621813561667459,-0.000493928081857815
420000000.0,0.0008063973671978842,-8.315827940821104e-06
420500000.0,0.0006788181058411196,-1.775492047351347e-05
421000000.0,0.011421761657553505,0.0010135022235237684
421500000.0,0.008693977394620276,0.0009684262084322264
422000000.0,0.007399129147617583,0.00040696400720907893
422500000.0,0.006989104088757353,0.00043888794157330565
423000000.0,0.007020884582631624,0.0003301665069784859
423500000.0,0.004391765356498426,0.00017077422454910094
424000000.0,0.0027420852296741686,2.42698662841006e-05
424500000.0,0.002307258473516802,-5.08370356222922e-06
425000000.0,0.002026730449768482,-2.047422198408989e-05
425500000.0,0.0012799111022309736,-2.9708273831720463e-05
426000000.0,0.001207987758679555,-1.95739875084943e-05
426500000.0,0.0007584704969277067,-2.7064325317988026e-05
427000000.0,0.0005036777631684478,-2.0312807206854965e-05
427500000.0,0.0004966873499333056,-2.2472406705741944e-05
428000000.0,0.0004733586533476418,-1.6007728955667758e-05
428500000.0,0.00043609001225906717,-2.645568788428335e-05
429000000.0,0.00045350220780596866,-1.6335637302437167e-05
429500000.0,0.00043422851065859466,-1.3785734544305119e-05
430000000.0,0.0006165422785806761,-2.276288809452637e-05
430500000.0,0.0006419833531942312,-1.8181084308795223e-05
431000000.0,0.0007867802870852389,-2.3326206445815087e-05
431500000.0,0.0007907696001965848,-3.835287995552052e-05
432000000.0,0.0009006601202178792,-2.4537578386374262e-05
432500000.0,0.0010325719043343608,-2.493433675826765e-05
433000000.0,0.0006710696167619521,-2.9223789030535395e-05
433500000.0,0.0012645421069755556,-4.6904636087238285e-05
434000000.0,0.0012030326942176156,-2.8240275932588858e-05
434500000.0,0.0012275126598034437,-4.0911058016290585e-05
435000000.0,0.0012472864184540976,-4.6923728846871566e-05
435500000.0,0.0004486884884211184,-2.7464991568502755e-05
436000000.0,0.00038602358247376804,-7.029133633328229e-06
436500000.0,0.00038393497507713,-1.6049031326384488e-05
437000000.0,0.0003842078604908701,-2.15395288902145e-05
437500000.0,0.0003923469405043408,-2.2780814591813757e-05
438000000.0,0.0004628403671977848,-2.5866109599368548e-05
438500000.0,0.0004931475806960419,-1.965154231813355e-05
439000000.0,0.0004448473228904264,-1.560091812912424e-05
439500000.0,0.0004963356332355977,-2.4070704727214334e-05
440000000.0,0.0017694015616085493,-8.669781581787143e-05
144000000.0,0.008037399354018504,-0.0004179836825527767
144500000.0,0.00762827756615086,-0.00044204351852422663
145000000.0,0.01204806172007351,-0.0007993295598745977
145500000.0,0.011423842193380723,-0.0006609389485360776
146000000.0,0.009394477427467967,-0.0005162871892427636
420000000.0,0.0009858206667835835,-3.2526685499629235e-07
Frequency,Mean_Amplitude,Std_Amplitude
144000000.0,0.00019564313546927524,8.54549149138396e-05
144500000.0,0.00023317649799867719,1.0285605169724871e-05
145000000.0,0.0003461811559876496,3.844440684396721e-05
145500000.0,0.0004507887496461715,5.6582586898387644e-05
146000000.0,0.0005455992983566322,6.638877325989462e-05
420000000.0,0.0005137831864033262,9.624176252681124e-07
420500000.0,0.0005497708715390056,-1.7967565258772582e-05
421000000.0,0.0008589015056471691,1.7807426018527513e-06
421500000.0,0.0009497680322148285,2.450928691083863e-06
422000000.0,0.0008907375264283438,6.927664719732703e-06
422500000.0,0.000880895902017725,6.912947631745125e-06
423000000.0,0.0008703311805632445,1.0522130785466116e-05
423500000.0,0.0008645743478027513,6.756614529206187e-06
424000000.0,0.0008836691668840833,4.269717480273294e-06
424500000.0,0.000820817163320456,2.959637688281738e-06
425000000.0,0.0008354500081761974,4.2137867801335205e-06
425500000.0,0.0008309504683418758,3.4486956974365172e-06
426000000.0,0.0008811289160265595,2.890401922283476e-06
426500000.0,0.0009599344391911902,3.165139130389168e-06
427000000.0,0.0010170725423619892,2.1915725387386314e-06
427500000.0,0.001038116726569586,1.6444167800534867e-06
428000000.0,0.0010727138930620359,1.6535644612302537e-06
428500000.0,0.0009134228055842447,9.108742667736613e-07
429000000.0,0.0007527865563609484,-1.791347523925325e-06
429500000.0,0.0003621023066823044,-3.689342531606146e-05
430000000.0,0.00036147562781810733,-3.5342373542264464e-05
430500000.0,0.0005745234746813162,-1.5947247945518594e-05
431000000.0,0.0010443721788198678,4.095032185324844e-06
431500000.0,0.0012026687855007938,3.132690482383609e-06
432000000.0,0.0012395309780145014,3.516708962425192e-06
432500000.0,0.001291132116634289,1.631289072149435e-06
433000000.0,0.0013688255956812894,-2.03956735046937e-06
433500000.0,0.00142008053824249,-4.426635676161453e-06
434000000.0,0.0014547476305842573,-7.237391770671811e-06
434500000.0,0.001469973089345887,-6.431992883406309e-06
435000000.0,0.0015053076272103952,-1.3645900679138927e-05
435500000.0,0.0015037481317757915,-1.0930442539864607e-05
436000000.0,0.0015162941407034737,-1.3199628939510446e-05
436500000.0,0.0014127975953773613,-4.659626585056473e-06
437000000.0,0.0014151190476218074,-4.616795718718558e-06
437500000.0,0.0014751228446599637,-1.1081488949244046e-05
438000000.0,0.001577483908448163,-2.710824255925079e-05
438500000.0,0.0016936003153876977,-4.44897673801119e-05
439000000.0,0.001089720762788587,0.00031203379453789525
439500000.0,0.0016969989007988846,-5.107978751054212e-05
440000000.0,0.00156209992569007,-3.4873143997366375e-05
144000000.0,0.0004657105424476819,1.5296959962000042e-05
144500000.0,0.0003640381307501541,1.3857797550184127e-05
145000000.0,0.0005129451585580038,3.132531845278911e-05
145500000.0,0.0006216920770949084,4.0600906859258515e-05
146000000.0,0.000756224271746965,4.3136987647719564e-05
420000000.0,0.0005642442610204598,-3.6714941762965657e-06
420500000.0,0.000598997722172489,-1.4827126673858462e-05
421000000.0,0.0008944733587454598,1.7803236581256095e-06
421500000.0,0.0009595087530848832,3.2905936318370678e-06
422000000.0,0.0009198115374755334,4.696991026338913e-06
422500000.0,0.0009088879915334314,8.169804926519924e-06
423000000.0,0.0008679651721116692,9.16643712753792e-06
423500000.0,0.0008492268386337504,6.769557293055068e-06
424000000.0,0.000845568029766914,4.867697459630939e-06
424500000.0,0.0007898597886980865,3.0317906428904596e-06
425000000.0,0.0007982427523856935,2.8392928111166287e-06
425500000.0,0.0008007561048090125,3.4883478955867807e-06
426000000.0,0.0008414309498662731,9.246886963729952e-07
426500000.0,0.0009135360055458672,4.74285831709574e-06
427000000.0,0.0009925010802556938,1.4485637981306457e-06
427500000.0,0.0010159451170856692,1.8395152427907484e-06
428000000.0,0.0010564072613182152,2.0077562984619367e-07
428500000.0,0.0009124395477927036,3.4586458146244947e-06
429000000.0,0.00077328208583227,5.083652487233115e-07
429500000.0,0.00034131235639722865,-4.156595714179988e-05
430000000.0,0.0003280837003864227,-4.303165300965189e-05
430500000.0,0.0005387889346831235,-1.8629272145964622e-05
431000000.0,0.0010177846309881904,6.181512915678825e-06
431500000.0,0.001200220067343401,4.213597885349163e-06
432000000.0,0.0012465938623124554,2.066325358591161e-06
432500000.0,0.001299287364525531,1.236374003733729e-06
433000000.0,0.001375854354702236,-2.7925610990728056e-06
433500000.0,0.0014197605540190517,-4.26400486172137e-06
434000000.0,0.0014614183637145538,-8.778366281254096e-06
434500000.0,0.0014763166315665452,-7.431002442251977e-06
435000000.0,0.0015067388006303225,-1.3051323889395057e-05
435500000.0,0.0015100194074299084,-1.304195608427788e-05
436000000.0,0.00152409511267747,-1.3261193690376098e-05
436500000.0,0.0014484898235395413,-6.508911665643578e-06
437000000.0,0.001441653991109599,-8.349540479694948e-06
437500000.0,0.001487442668462303,-1.1934442601063579e-05
438000000.0,0.0015902496841058997,-2.7523134165426226e-05
438500000.0,0.0017056846467600445,-4.729139481563688e-05
439000000.0,0.0011113199789056988,0.0002993990819518812
439500000.0,0.0017212708864546016,-5.482348005293273e-05
440000000.0,0.0016130605379845492,-4.2260621826120026e-05
144000000.0,0.000468312785369913,2.0280624531755994e-05
144500000.0,0.0004115553463086405,1.5680714535963352e-05
145000000.0,0.000537130783569905,3.134658189019549e-05
145500000.0,0.0006915278190711511,3.89672945963182e-05
146000000.0,0.0007784213617562834,4.203575442662272e-05
420000000.0,0.0005619173281138795,-2.5681994104249022e-06
420500000.0,0.0005847777221868126,-1.5722388902996097e-05
421000000.0,0.0008959817793311789,-2.3942282907971654e-06
421500000.0,0.0009878828892068959,2.7264220389624517e-06
422000000.0,0.0009501940966538198,6.810919438606875e-06
422500000.0,0.0009249902920196529,6.812247321593224e-06
423000000.0,0.0009059754494710304,7.712832251588998e-06
423500000.0,0.0008810134733165978,3.975569201130161e-06
424000000.0,0.0008854660172656194,5.341463790606921e-06
424500000.0,0.000830134414706047,1.824087768152855e-06
425000000.0,0.0008471676507841797,3.894086989483238e-06
425500000.0,0.0008665196558367906,2.9735697900417893e-06
426000000.0,0.0009017188698163823,1.587853288737217e-06
426500000.0,0.0009852857539423428,3.9458193697806896e-07
427000000.0,0.0010173490053970624,4.120342746154408e-06
427500000.0,0.0010648008394302307,2.0819576229092055e-06
428000000.0,0.0010957470735220318,8.341066678107624e-09
428500000.0,0.0009728028589287638,2.1523316806949976e-06
429000000.0,0.0008416522940563342,1.5634774651653155e-06
429500000.0,0.0004396165592486028,-2.7320487190819154e-05
430000000.0,0.0003835109919358162,-3.412367376479654e-05
430500000.0,0.0005653018577243126,-1.342001630852642e-05
431000000.0,0.0010322501733798875,5.710322941895882e-06
431500000.0,0.0012127210156670943,2.2829679707418857e-06
432000000.0,0.0012548755463846863,7.772797872566622e-07
432500000.0,0.0012968799472094987,3.73860942566068e-06
433000000.0,0.0013773255333718354,-3.7533934132457184e-06
433500000.0,0.0014436141600762723,-8.496506512951064e-06
434000000.0,0.001470739286407174,-1.0464743295567105e-05
434500000.0,0.0014813652773743565,-8.985741139846085e-06
435000000.0,0.0014984244390196441,-1.0272571920162895e-05
435500000.0,0.001496244182221055,-9.170842488362538e-06
436000000.0,0.001515611764490574,-1.4600324100359171e-05
436500000.0,0.0014353726135856197,-8.23852775034549e-06
437000000.0,0.001418946501766978,-3.4998463832386606e-06
437500000.0,0.0014900618166180173,-1.4327262132806225e-05
438000000.0,0.0015844978016615737,-2.567662359168413e-05
438500000.0,0.001697670429227179,-4.378468309445146e-05
439000000.0,0.001075574119704994,0.000326658587807657
439500000.0,0.0017337133406944208,-5.8045602122061396e-05
440000000.0,0.001648813395295294,-4.540814953019272e-05
144000000.0,0.0005230044437169594,2.1631101519037704e-05
144500000.0,0.00037966602635018806,1.8942569223794008e-05
145000000.0,0.0005175634692236673,3.5100518051281106e-05
145500000.0,0.0006200722302322305,4.2795023352203397e-05
146000000.0,0.000761882170966004,4.372049037725593e-05
420000000.0,0.0006116712225003266,2.350245769396144e-06
420500000.0,0.0006613618898031145,-8.4628525991012e-06
421000000.0,0.0009115226052366363,7.26004644726907e-07
421500000.0,0.000977592563441449,1.3669667525407898e-06
422000000.0,0.0009313487917139606,6.281384518784655e-06
422500000.0,0.0009253927433009944,6.868387795814177e-06
423000000.0,0.0009051794325580714,8.23290358082243e-06
423500000.0,0.0008830312750184042,5.1248814730652206e-06
424000000.0,0.0008870034034892339,6.039922541447162e-06
424500000.0,0.0008435786325812067,3.9789538722485295e-06
425000000.0,0.0008683497096745956,1.885373738576321e-06
425500000.0,0.0008914733833987628,3.6917945117868293e-06
426000000.0,0.0009288071989925997,4.097898518152521e-06
426500000.0,0.0010095872090568492,-2.2934692628246274e-07
427000000.0,0.0010601180691804364,2.0471297993902336e-06
427500000.0,0.0010852320520933563,-1.36633648860461e-06
428000000.0,0.0011131380308641945,-7.298031831921615e-07
428500000.0,0.0009749650044615312,1.989298754736258e-06
429000000.0,0.0008867872302342166,1.733675559628586e-06
429500000.0,0.000670088605088215,-4.7326216362665184e-06
430000000.0,0.0006835718358354394,-7.9989255809388e-06
430500000.0,0.000835344368714411,1.470757662908375e-06
431000000.0,0.0011358954460461365,4.135042822354869e-06
431500000.0,0.0012308091290071646,2.211877219155e-06
432000000.0,0.0012644168181062919,2.6608897880717594e-07
432500000.0,0.0013134721580374564,1.8963388252351396e-06
433000000.0,0.001385786492848986,-4.55418085791655e-06
433500000.0,0.0014264711434955136,-6.390845448157129e-06
434000000.0,0.0014745485516428692,-9.71220280772267e-06
434500000.0,0.0014870652700355543,-1.1704467631487527e-05
435000000.0,0.0015272983232741684,-1.6572331249500475e-05
435500000.0,0.0015266660709407423,-1.842380028176621e-05
436000000.0,0.0015442197894867365,-1.8872815583781454e-05
436500000.0,0.001476025398745926,-1.4293789786057963e-05
437000000.0,0.0014629274526589617,-1.0935117842360352e-05
437500000.0,0.0015115719153671295,-1.6533675765123745e-05
438000000.0,0.001627941546191556,-3.172242774390314e-05
438500000.0,0.001723533656375194,-5.048027442928138e-05
439000000.0,0.0012239262895470992,0.00024305592564212067
439500000.0,0.0017773080486465707,-6.651661871458399e-05
440000000.0,0.0016119843677817557,-4.571539208934102e-05
144000000.0,0.0006074861120482087,2.0325659541414775e-05
144500000.0,0.0005015476811689757,1.6703622195512918e-05
145000000.0,0.0006493499030439192,2.854420279998252e-05
145500000.0,0.0007455410820379389,3.7369506415154075e-05
146000000.0,0.000836893693047223,3.712825778594979e-05
420000000.0,0.000694332039915076,2.7615752150998287e-06
420500000.0,0.0006994040035701043,-7.073989609217546e-06
421000000.0,0.0009341463759505118,1.781147494649643e-06
421500000.0,0.000989784073303579,3.55740496774101e-06
422000000.0,0.0009411841945496234,4.7387613233821896e-06
422500000.0,0.0009263422458262774,8.408657600561825e-06
423000000.0,0.000911365233057295,7.090389331140072e-06
423500000.0,0.0009020947168658205,6.525828289227945e-06
424000000.0,0.0008925303989731354,6.970666671914032e-06
424500000.0,0.0008418537062485075,4.454364819056561e-06
425000000.0,0.0008788389547571705,6.079960675902357e-06
425500000.0,0.0008975442958668913,3.907718748229607e-06
426000000.0,0.0009353623975716219,3.3113678270654816e-06
426500000.0,0.0010080367435677522,1.3342985105707155e-06
427000000.0,0.0010617322913436156,2.4525092542962393e-06
427500000.0,0.001085959071698794,-1.5923255798190132e-06
428000000.0,0.0011283950801969232,-1.6728439186758732e-06
428500000.0,0.0009835970836524052,3.5053874166311086e-06
429000000.0,0.0009045703396375499,1.6205723689701582e-06
429500000.0,0.0006734881632854222,-4.614505408330776e-06
430000000.0,0.0006964655138545709,-6.9493748172897525e-06
430500000.0,0.0008496544305069692,3.0462696359380628e-06
431000000.0,0.001159580667903833,1.2905671276477365e-06
431500000.0,0.0012390131010875448,1.1624368394035993e-06
432000000.0,0.0012800042708389426,6.927341355618536e-07
432500000.0,0.001318885522233845,6.705943808814261e-07
433000000.0,0.0013883109780328138,-4.124452454908651e-06
433500000.0,0.001442792659486526,-1.0168700234466314e-05
434000000.0,0.0014748760587071977,-1.0926007355853045e-05
434500000.0,0.0014962477024126944,-1.3472714891756032e-05
435000000.0,0.001526911537409106,-1.740341165003754e-05
435500000.0,0.0015334279183026687,-1.7603113478712542e-05
436000000.0,0.0015339544052240125,-2.0055549355441973e-05
436500000.0,0.001472626357159113,-1.2398108520705686e-05
437000000.0,0.001469256290103716,-1.3657369523182418e-05
437500000.0,0.0015282103278086324,-1.8407546022887263e-05
438000000.0,0.001631423996848653,-3.344950860805065e-05
438500000.0,0.0017290593842531983,-5.0590376257147016e-05
439000000.0,0.0011050764472119014,0.00032165112727799923
439500000.0,0.0017818042039565026,-6.645346784670945e-05
440000000.0,0.0016902802324010766,-5.435242393090403e-05
144000000.0,0.0006718636941922939,1.881759945315933e-05
144500000.0,0.0005852379422778742,2.1640610345913112e-05
145000000.0,0.0006813484283914004,3.020927766237155e-05
145500000.0,0.0007890907451036072,3.596887809258323e-05
146000000.0,0.000873555737061155,3.647627480823288e-05
420000000.0,0.0007189910556977871,5.196814273073841e-06
420500000.0,0.0007239804207273101,-4.6820166504013635e-06
421000000.0,0.0009363983028059121,5.233567766069128e-07
421500000.0,0.0009997835599197312,3.463023231267388e-06
422000000.0,0.0009463441705029046,4.45173507884053e-06
422500000.0,0.000936471914753403,8.426701973356044e-06
423000000.0,0.0009281183571837103,8.07025462894399e-06
423500000.0,0.0009032588013257126,6.996105215343774e-06
424000000.0,0.0009078481627257927,5.498620528191471e-06
424500000.0,0.0008545773499707564,5.430540687722893e-06
425000000.0,0.0008935816524222028,2.4826781958112443e-06
425500000.0,0.0009188391627295119,2.784161139374693e-06
426000000.0,0.0009459227093247317,4.394988075717851e-06
426500000.0,0.0010193235711054057,3.9451766886417326e-06
427000000.0,0.0010775344648645505,-5.606584792596963e-07
427500000.0,0.0011053346119128144,5.196869346763421e-07
428000000.0,0.00114170288695702,-2.8422995437475727e-06
428500000.0,0.0010072154762725033,1.847404577317921e-06
429000000.0,0.0009252960097506534,2.3161731570972426e-06
429500000.0,0.0006870318368552768,-7.295969323553863e-06
430000000.0,0.0007086475820478408,-6.466235315738538e-06
430500000.0,0.0008486125661978322,3.0606852070811445e-06
431000000.0,0.0011568273593419826,2.873010856425417e-06
431500000.0,0.0012493734944489514,7.613628120228288e-07
432000000.0,0.0012807326943898526,1.5169032304112414e-06
432500000.0,0.001321161459628051,1.8120159342194538e-07
433000000.0,0.0013982633096438892,-8.031247336955746e-06
433500000.0,0.0014529009746635407,-9.649726975794626e-06
434000000.0,0.0014828275154103315,-1.361724803797831e-05
434500000.0,0.0015065999788784518,-1.7233729769581552e-05
435000000.0,0.0015327084508400923,-1.6918556003433134e-05
435500000.0,0.001546501142982381,-1.883959671003301e-05
436000000.0,0.0015500458430665947,-2.1251672135005294e-05
436500000.0,0.0014821309544767653,-1.2424189885433586e-05
437000000.0,0.0014861507410421119,-1.5226524610973121e-05
437500000.0,0.001532099917278431,-1.875952122951646e-05
438000000.0,0.0016384399494343755,-3.5471634001839614e-05
438500000.0,0.0017351917211753183,-5.356507715145241e-05
439000000.0,0.0013582276205235725,0.00017461613393095457
439500000.0,0.0017891589251271072,-6.690989555315786e-05
440000000.0,0.00162745662676389,-4.696667109473441e-05
144000000.0,0.0006028587952618625,1.9090766934088002e-05
144500000.0,0.0004740638480116634,1.3924877330585351e-05
145000000.0,0.0005819966396290275,2.8081954684024235e-05
145500000.0,0.0006896218450351279,3.57479353701857e-05
146000000.0,0.000798296036609768,3.79058669772932e-05
420000000.0,0.0007058278803856748,3.5721904707941334e-06
420500000.0,0.0007212460037397055,-5.1937103227224775e-06
421000000.0,0.0009500859001767694,1.0798548095882269e-07
421500000.0,0.0010077902205618521,5.407499842681745e-07
422000000.0,0.000939384561501366,4.520285231274938e-06
422500000.0,0.000953263127053507,6.6259932274022075e-06
423000000.0,0.0009299943979466574,5.701610927155615e-06
423500000.0,0.0009229935887838417,5.112760942672853e-06
424000000.0,0.0009258328750775692,4.917692771778963e-06
424500000.0,0.0008725575093086818,2.9354668733882817e-06
425000000.0,0.0009071708138113389,4.307701226817705e-06
425500000.0,0.0009240038199376623,3.45941196699921e-06
426000000.0,0.0009634863848776,1.3242921152023734e-06
426500000.0,0.0010289156590279666,-8.040935654828924e-08
427000000.0,0.0010923849241767703,1.1538734588022496e-06
427500000.0,0.0011200963370120612,-3.5295136084340527e-07
428000000.0,0.0011507964611725356,-1.2515612766682604e-06
428500000.0,0.0009291252716872811,1.9025361877403274e-06
429000000.0,0.0009307592725495456,2.036582149750216e-06
429500000.0,0.0007037979944108328,-4.446184978918905e-06
430000000.0,0.0007077311598054288,-5.21267571472156e-06
430500000.0,0.000860091366972188,3.381808048614329e-06
431000000.0,0.0011567558543025722,1.9906501931785367e-06
431500000.0,0.0012473029183926974,3.298065735203668e-06
432000000.0,0.001288645060986795,-9.369277092197233e-07
432500000.0,0.0013167801496620673,1.377748051455414e-06
433000000.0,0.0013960457673222407,-7.472224117921195e-06
433500000.0,0.0014565311128459473,-9.228991111195566e-06
434000000.0,0.0014845259612145012,-1.190612980144802e-05
434500000.0,0.0015129352860495035,-1.5092654180471973e-05
435000000.0,0.0015430790268269805,-1.967779131379275e-05
435500000.0,0.0015473024488836015,-1.890935617978004e-05
436000000.0,0.0015615585697090657,-2.271669914266256e-05
436500000.0,0.0014824358333567192,-1.3408603085668582e-05
437000000.0,0.0014962608821239324,-1.3412272257464347e-05
437500000.0,0.0015304254893582696,-2.1133139284724263e-05
438000000.0,0.0016446344696023297,-3.454900977167856e-05
438500000.0,0.0017395692422300017,-5.3449054279983045e-05
439000000.0,0.0011255488652287537,0.00031347216428978357
439500000.0,0.0017628757071510525,-6.366960018256211e-05
440000000.0,0.0016348295106101641,-4.746127361059458e-05
144000000.0,0.0006578831240900701,2.3925202153929307e-05
144500000.0,0.0005860686092709609,2.3697137738567714e-05
145000000.0,0.000699614835763447,3.407111553319047e-05
145500000.0,0.0007774234298266991,3.594712673574852e-05
146000000.0,0.0008560424540132518,4.178649010087844e-05
420000000.0,0.0007438245885278211,6.421163978643515e-06
420500000.0,0.0007680292193412857,-4.257751799191266e-06
421000000.0,0.0009764339660143513,4.0626217569002394e-07
421500000.0,0.0010302998298393465,4.910577526124674e-07
422000000.0,0.0009827666765051687,4.469365877745688e-06
422500000.0,0.00096728630896246,6.375553537840124e-06
423000000.0,0.0009555689350960383,6.3000934462673e-06
423500000.0,0.000941604651046865,6.1900952045924735e-06
424000000.0,0.0009393244705651868,6.192462777576585e-06
424500000.0,0.0009012147186904175,5.107814629794336e-06
425000000.0,0.0009255994959810668,2.1845441127659727e-06
425500000.0,0.000938922198792363,3.3303165927144674e-06
426000000.0,0.000973704391678975,-1.6273830318045772e-07
426500000.0,0.0010500893627613545,2.4996055371719746e-06
427000000.0,0.0010872622775856258,-4.308744079150693e-07
427500000.0,0.0011269706192913666,-1.917094598327595e-06
428000000.0,0.0011473646558101288,-2.8533338075860297e-06
428500000.0,0.001021167924764998,1.8838584981737953e-07
429000000.0,0.0009373626417557305,9.90317630628435e-07
429500000.0,0.0007173813699002092,-4.708581090315369e-06
430000000.0,0.0007399040101387333,-2.6658607163579654e-06
430500000.0,0.0008702749972441982,3.2557164723834303e-06
431000000.0,0.001165595519221111,1.0618826799499755e-06
431500000.0,0.0012550075480765063,4.668600666288856e-07
432000000.0,0.001299665923647592,-1.2300096813130692e-06
432500000.0,0.0013277549351879468,-2.5714235995970365e-06
433000000.0,0.001402898890606614,-6.10466174697339e-06
433500000.0,0.001452637176411218,-1.1069730129565948e-05
434000000.0,0.0014875939937725735,-1.3158009032972302e-05
434500000.0,0.001511588470494618,-1.4181471196190087e-05
435000000.0,0.001541783643458298,-2.0769360622185736e-05
435500000.0,0.0015449157473997539,-2.0132508179326466e-05
436000000.0,0.001566756495264868,-2.251744980825265e-05
436500000.0,0.0014938680171982244,-1.466832965660805e-05
437000000.0,0.0014854421450969852,-1.473460474093578e-05
437500000.0,0.0015398949444234194,-2.011141480285156e-05
438000000.0,0.0016274718869763944,-3.3353504339532435e-05
438500000.0,0.0017403980306513842,-5.239876155889028e-05
439000000.0,0.0008731955322973966,0.0004023085420233346
439500000.0,0.0017844351740472022,-6.6003060771147e-05
440000000.0,0.001706715314753179,-5.719332380840597e-05
144000000.0,0.0007469163965891653,2.5280511539939468e-05
144500000.0,0.0006481329121758011,2.290805392162611e-05
145000000.0,0.0007329284741887788,3.2977762404892995e-05
145500000.0,0.0008336407421071348,3.8295313973786286e-05
146000000.0,0.0009412921386223857,3.665525641599778e-05
420000000.0,0.0007753775219326431,7.182902758169282e-06
420500000.0,0.0007713112841635913,-3.614409407732632e-06
421000000.0,0.0009725228967499764,-6.007193939168925e-07
421500000.0,0.0010273948486644085,6.268480140956065e-07
422000000.0,0.0009851164413893615,4.906449171855856e-06
422500000.0,0.0009843354617442687,6.542656643361963e-06
423000000.0,0.0009620857471994222,7.510349227861162e-06
423500000.0,0.0009454582393835307,6.668218436451645e-06
424000000.0,0.0009573076067249567,3.94524344808016e-06
424500000.0,0.0009037689445295663,5.119597517384356e-06
425000000.0,0.0009311333521426316,3.02404811605643e-06
425500000.0,0.0009449425899275929,3.8489942168357345e-06
426000000.0,0.0009824515379189055,3.690606997943879e-06
426500000.0,0.0010458941286994139,1.8306294704279279e-06
427000000.0,0.0011052363359049635,-1.0524191944804517e-06
427500000.0,0.0011283234150763336,-1.9617697499976403e-06
428000000.0,0.0011641347232888698,-3.922543114719163e-06
428500000.0,0.0010295347456945152,-3.241917959580001e-07
429000000.0,0.000944327444577634,2.649920820762672e-07
429500000.0,0.000742149777325614,-2.912967961513727e-06
430000000.0,0.0007412262540592965,-3.1177721393482964e-06
430500000.0,0.0009017364823858698,2.555436426651477e-06
431000000.0,0.0011737023196582127,3.2807358618475744e-06
431500000.0,0.0012662989927288103,1.3586617943004286e-07
432000000.0,0.0012967103924028,-5.071489278455109e-07
432500000.0,0.0013355175020911604,-3.264885151116168e-06
433000000.0,0.0014019409073725837,-6.805502673603705e-06
433500000.0,0.0014618866729191418,-1.1368289892725842e-05
434000000.0,0.0014937856556865468,-1.3639345775646967e-05
434500000.0,0.001517600861552266,-1.5099861186409638e-05
435000000.0,0.001551468215343858,-2.1220057892381247e-05
435500000.0,0.0015504295646878855,-2.07825674673116e-05
436000000.0,0.0015609889943224565,-2.2895552649568297e-05
436500000.0,0.0014967341706028316,-1.5153160836723596e-05
437000000.0,0.0014929432606824613,-1.3322390646754867e-05
437500000.0,0.0015468813632721647,-2.2687536971322457e-05
438000000.0,0.0016459829122750836,-3.730848459170712e-05
438500000.0,0.0017475594478728422,-5.683360768239019e-05
439000000.0,0.0013239601020709054,0.00019302553171139552
439500000.0,0.0017671451846442408,-6.251650990106154e-05
440000000.0,0.001692987415488517,-5.477203334276324e-05
Frequency,Mean_Amplitude,Std_Amplitude
144000000.0,0.00018593445387773543,9.048950355184862e-05
144500000.0,0.0002085224580524225,1.0874128213713253e-06
145000000.0,0.0003015077360804844,1.9764812636791333e-05
145500000.0,0.00041466862254802987,3.688687185666874e-05
146000000.0,0.0005119558747526249,5.026553763013104e-05
420000000.0,0.0007198999845829911,2.7381082371289306e-07
420500000.0,0.0008043585580246455,-1.7690459738662536e-05
421000000.0,0.0008512475090520114,-1.0597869594070207e-05
421500000.0,0.0008373721054294773,-1.000881652280126e-05
422000000.0,0.0008177740600334519,-6.542237752098946e-06
422500000.0,0.0008134614990241105,-6.672469806624688e-06
423000000.0,0.0008083530494275183,-8.553325920959001e-06
423500000.0,0.0007995122809349134,-6.425860870677557e-06
424000000.0,0.0008118197823072531,-1.0157520547370045e-05
424500000.0,0.000750894659883265,-1.207715512600797e-05
425000000.0,0.00076239752928839,-1.2265941038345396e-05
425500000.0,0.0007557561394098334,-1.153546605433034e-05
426000000.0,0.000775181277437359,-1.0425305450870207e-05
426500000.0,0.0008935063400195575,-8.218236489791703e-06
427000000.0,0.0009474357177131549,-1.1124067777012964e-05
427500000.0,0.0009926910522847694,-1.1340637472381361e-05
428000000.0,0.001045648573277845,-1.2636961967139393e-05
428500000.0,0.0008989959270992647,-1.1661660385436725e-05
429000000.0,0.0008399075730791505,-1.1825535701290849e-05
429500000.0,0.00054452262349242,-2.68004838450642e-05
430000000.0,0.0005010619178536133,-3.1348197258997716e-05
430500000.0,0.0007333503870140955,-1.2765050106910788e-05
431000000.0,0.0010609382613033479,-8.769794163561588e-06
431500000.0,0.00116536232201578,-7.727487827351757e-06
432000000.0,0.0012042026058764403,-1.287097768867569e-05
432500000.0,0.0012299121192204411,-1.068026816061047e-05
433000000.0,0.0013062285002839323,-1.5277204571971016e-05
433500000.0,0.001365619603244688,-1.8116213634607682e-05
434000000.0,0.001387450474971241,-1.936000857432196e-05
434500000.0,0.0014199939462594536,-2.226770422396417e-05
435000000.0,0.0014540114383430895,-2.476168530561783e-05
435500000.0,0.0014537437469100943,-2.5242955608724187e-05
436000000.0,0.0014539066008093003,-2.6553049152074038e-05
436500000.0,0.001415019541888725,-2.4080664894018793e-05
437000000.0,0.0014000124521989532,-1.9694128261164224e-05
437500000.0,0.001465277477787974,-2.9805741766062774e-05
438000000.0,0.0015713163661074708,-4.13522860111639e-05
438500000.0,0.0016593935129632527,-5.8164483056240245e-05
439000000.0,0.0012000870703962735,0.0001959844559774694
439500000.0,0.0016792323952723141,-6.793605418290924e-05
440000000.0,0.001557123331192782,-5.424925897353902e-05
144000000.0,0.0004855689199375882,7.154150169753559e-06
144500000.0,0.00036131822685698276,6.4077548544708e-06
145000000.0,0.00047807299999155827,2.13942337847246e-05
145500000.0,0.0006093900990406532,2.9502305906642194e-05
146000000.0,0.0007087483275903457,3.276836344384054e-05
420000000.0,0.000722226673179843,-5.546834995805134e-06
420500000.0,0.0007559985786525421,-1.5397395449633697e-05
421000000.0,0.0009270732301904606,-1.2639557812805358e-05
421500000.0,0.000942565109332952,-1.0570748645179043e-05
422000000.0,0.0008890983847336762,-8.168198469388961e-06
422500000.0,0.000866145055044521,-6.700738666473823e-06
423000000.0,0.0008698285942171656,-6.281194419216619e-06
423500000.0,0.0008649869760852389,-8.946363450816474e-06
424000000.0,0.0008653318966563544,-1.013438815068502e-05
424500000.0,0.0008154150005549545,-1.059216858436918e-05
425000000.0,0.0008614159539422486,-9.921255772383417e-06
425500000.0,0.0008793668100695522,-9.20008169494181e-06
426000000.0,0.0009202716106591343,-1.0471315489354549e-05
426500000.0,0.0009857030590420747,-1.200706553804523e-05
427000000.0,0.0010343158258065293,-1.2786061559558153e-05
427500000.0,0.0010712502485890022,-1.5735010653661222e-05
428000000.0,0.0010808467480749049,-1.3842177514501342e-05
428500000.0,0.0009347192134303315,-1.263363843848898e-05
429000000.0,0.0008505776315121516,-1.0053933389245338e-05
429500000.0,0.0005949151565103378,-2.3654600996071642e-05
430000000.0,0.000610822696829248,-2.2369471528352465e-05
430500000.0,0.0007812498390176708,-1.3359711035882894e-05
431000000.0,0.0010933851461654488,-1.0025663192348218e-05
431500000.0,0.0011738663205383343,-1.0888424629968664e-05
432000000.0,0.001216778352102392,-1.0232161314517897e-05
432500000.0,0.0012467681608140213,-9.222529536420322e-06
433000000.0,0.0013270408504115101,-1.7558151353107436e-05
433500000.0,0.0013780271695825845,-1.820143753841415e-05
434000000.0,0.0014091419127824553,-2.168154127951182e-05
434500000.0,0.0014331723676235715,-2.4008258763197963e-05
435000000.0,0.0014605898811628176,-2.6481789456029428e-05
435500000.0,0.0014643914197206502,-2.765377143727161e-05
436000000.0,0.0014658075641856636,-2.7972451695115402e-05
436500000.0,0.0014233480765726415,-2.5278331461827736e-05
437000000.0,0.0014266941716877513,-2.3479011656648137e-05
437500000.0,0.001484960099377317,-3.1182350190974526e-05
438000000.0,0.0015864766085441676,-4.575022309004727e-05
438500000.0,0.0016779377201838756,-6.240376578013375e-05
439000000.0,0.0010926555403532516,0.0002506192750853233
439500000.0,0.0016839563427321668,-6.693397003262632e-05
440000000.0,0.0015324731472530955,-5.031504053299548e-05
144000000.0,0.00048008681012738343,1.4137719684051911e-05
144500000.0,0.00041486851360468194,6.490180791105043e-06
145000000.0,0.0005369309917637732,1.85721790585862e-05
145500000.0,0.0006589688692261885,2.5794178548512906e-05
146000000.0,0.0007398394507138348,2.6361329267756263e-05
420000000.0,0.0007301420843794078,-6.493066270722133e-06
420500000.0,0.0007766648117297555,-1.639493691875658e-05
421000000.0,0.0009499961130810824,-1.1728467963385712e-05
421500000.0,0.0009647184300332292,-1.0114918632321094e-05
422000000.0,0.0009078993267139496,-9.748730515134416e-06
422500000.0,0.0008926283758618299,-6.398881301186318e-06
423000000.0,0.0008889235926105398,-6.861916158657785e-06
423500000.0,0.0008708948798838767,-7.375797426323871e-06
424000000.0,0.0008911815676690778,-9.371506678673114e-06
424500000.0,0.0008340172259016179,-8.197857979960825e-06
425000000.0,0.0008756187758257631,-1.1903520255067743e-05
425500000.0,0.0008971594011815848,-1.0718094551869714e-05
426000000.0,0.0009305580458782956,-9.548779610154195e-06
426500000.0,0.0010046900345243328,-1.3887300325166487e-05
427000000.0,0.001058392974313919,-1.2831761493952164e-05
427500000.0,0.0010806271155696867,-1.4116280018082899e-05
428000000.0,0.001097652375726107,-1.5470389949011523e-05
428500000.0,0.0009094897405013699,-1.2006414425748755e-05
429000000.0,0.0008200397797423254,-1.452562747686245e-05
429500000.0,0.0005900539010299867,-2.4435922808641007e-05
430000000.0,0.00061722588335583,-2.123285627954606e-05
430500000.0,0.0007881135652638672,-1.2782014464135829e-05
431000000.0,0.0010973541326575699,-1.0020800215407928e-05
431500000.0,0.0011860628595765524,-1.2210950115696935e-05
432000000.0,0.0012330655890872536,-1.2544918463622833e-05
432500000.0,0.0012635956056069534,-1.2788220454039074e-05
433000000.0,0.0013328867387011045,-1.6832489695249422e-05
433500000.0,0.0013670629477029257,-1.9405161751728935e-05
434000000.0,0.001411001369554524,-2.3654052936208057e-05
434500000.0,0.001438549059971864,-2.3776603415205983e-05
435000000.0,0.001465572819165082,-2.8996138533804042e-05
435500000.0,0.0014733198504542295,-2.9279899658024783e-05
436000000.0,0.001481264066938742,-2.9186707921743278e-05
436500000.0,0.0014341778402501377,-2.5598242644589677e-05
437000000.0,0.0014335670513239012,-2.3742861387023807e-05
437500000.0,0.0014792585272192266,-2.9126773384009298e-05
438000000.0,0.0016012906512805289,-4.6805167087609655e-05
438500000.0,0.001669228908755999,-6.023777940157178e-05
439000000.0,0.0011594063250381587,0.00023571380349178358
439500000.0,0.0016859229215800897,-6.853026387355199e-05
440000000.0,0.0014740629754323735,-4.401286970264403e-05
144000000.0,0.0005309057673359217,7.169650357571289e-06
144500000.0,0.0004187930847933254,4.4716223916183155e-06
145000000.0,0.0005340482223015932,1.7410899230744626e-05
145500000.0,0.0006567052624019132,2.327171435498794e-05
146000000.0,0.0007318437661331684,2.5986455248441732e-05
420000000.0,0.0007607799998591793,-6.518433824608006e-06
420500000.0,0.0007779168958503311,-1.593994216279462e-05
421000000.0,0.0009565594076824366,-1.5508167921359978e-05
421500000.0,0.000983395566983014,-1.0834272149711509e-05
422000000.0,0.0009308103789160167,-6.8954573896072165e-06
422500000.0,0.0009282196160338337,-7.057127224016748e-06
423000000.0,0.000907329123161831,-7.029884666256593e-06
423500000.0,0.0008929798707546287,-6.582633731362504e-06
424000000.0,0.0009023521573228963,-7.77850755014189e-06
424500000.0,0.00085524721647261,-1.016186847015493e-05
425000000.0,0.0008834591323454158,-8.403746444705362e-06
425500000.0,0.0008939790893914858,-9.539831417981723e-06
426000000.0,0.0009341901430135941,-8.867764923483386e-06
426500000.0,0.001001773960916831,-1.200204300988297e-05
427000000.0,0.0010522369180260094,-1.4412455142904799e-05
427500000.0,0.0010741752317329828,-1.3018224023729029e-05
428000000.0,0.001113233572158639,-1.50957968204622e-05
428500000.0,0.0009710147673529673,-1.1484781464293846e-05
429000000.0,0.0008908824842725499,-1.1776255266479978e-05
429500000.0,0.0006405297474447445,-1.892227086228488e-05
430000000.0,0.0006240343347583259,-2.138893997103839e-05
430500000.0,0.0008000288263611725,-1.0181084044484567e-05
431000000.0,0.001107484084061313,-1.2388933158734743e-05
431500000.0,0.001198173864721417,-1.219839824161427e-05
432000000.0,0.0012279447893844486,-1.233017529264627e-05
432500000.0,0.0012638794010945821,-1.2246718969114053e-05
433000000.0,0.0013443397586778137,-1.994061390990656e-05
433500000.0,0.0014015389432946734,-2.2145217906125492e-05
434000000.0,0.0014253958578093568,-2.3115203807128443e-05
434500000.0,0.001452974162132263,-2.7646026434257682e-05
435000000.0,0.001466156054849726,-2.7520812593679296e-05
435500000.0,0.001470826902267503,-2.7472592265274893e-05
436000000.0,0.0014906764891003507,-3.135504995309113e-05
436500000.0,0.0014321486852715516,-2.5198614751774258e-05
437000000.0,0.001425780247755005,-2.2860703197208905e-05
437500000.0,0.0014769406951290439,-3.0930680119501276e-05
438000000.0,0.001585344182826728,-4.532043281582114e-05
438500000.0,0.0016727568970972503,-6.048369273825444e-05
439000000.0,0.0011681116084966963,0.0002390686528678295
439500000.0,0.001713320181227583,-7.256366116639454e-05
440000000.0,0.001512016272387066,-4.933932758200671e-05
144000000.0,0.00065899647427498,6.684564466221193e-06
144500000.0,0.0005445951531927585,7.524502321889923e-06
145000000.0,0.0006445022543968069,1.3940692050198081e-05
145500000.0,0.0007400725929061183,1.95061406219779e-05
146000000.0,0.0008226386869888199,1.968562108965659e-05
420000000.0,0.0008159474374837703,-6.377123855130857e-06
420500000.0,0.0008508731433910741,-1.7535723871695777e-05
421000000.0,0.000973934924383248,-1.4323974011735261e-05
421500000.0,0.0009842241222699207,-1.328438214533524e-05
422000000.0,0.0009409310903765018,-9.722672103926522e-06
422500000.0,0.0009276539012704778,-6.566350500816828e-06
423000000.0,0.0009200407698477349,-5.9575990704364885e-06
423500000.0,0.0009073758538080171,-8.109555630402348e-06
424000000.0,0.0009130915784169038,-8.719210100576923e-06
424500000.0,0.0008603506111642553,-9.444130149926396e-06
425000000.0,0.0009084728337532653,-9.998350638960765e-06
425500000.0,0.0009170673168293088,-9.73746906694226e-06
426000000.0,0.0009522587150028478,-1.1557822166979244e-05
426500000.0,0.0010123193914149174,-1.3623490041003295e-05
427000000.0,0.001067120838179997,-1.3807847507486043e-05
427500000.0,0.001092571025093017,-1.4685686355617697e-05
428000000.0,0.0011115536559658352,-1.7240721470928147e-05
428500000.0,0.0008921625556760144,-1.1538107588497724e-05
429000000.0,0.0007950774322088437,-1.3232726868440113e-05
429500000.0,0.000678108703253528,-1.8118923717601732e-05
430000000.0,0.0008181463546442731,-1.1617439730049113e-05
430500000.0,0.0009571239966212474,-9.242311960500816e-06
431000000.0,0.0011617052305809687,-1.3459189751081517e-05
431500000.0,0.0012176034404354373,-1.442305495135815e-05
432000000.0,0.0012447517393102132,-1.2817558515413883e-05
432500000.0,0.0012563229695910939,-1.0071233612790588e-05
433000000.0,-0.004218334236571618,-0.0014867497575160285
433500000.0,-0.010719972831000145,-0.008295391695464288
434000000.0,-0.004397271037968167,-0.0035445818348657466
434500000.0,0.0014658316533440027,-2.9364389396400092e-05
435000000.0,0.0014857998813168096,-3.0086976304016994e-05
435500000.0,0.0014874075728599416,-3.1569264455869355e-05
436000000.0,0.001497469238683099,-3.2515504484298184e-05
436500000.0,0.0014436793538779135,-2.870486077200474e-05
437000000.0,0.0014332257167553248,-2.2730432217131688e-05
437500000.0,0.0014974896051072309,-3.204674043107067e-05
438000000.0,0.0015974059509432533,-4.635519805680226e-05
438500000.0,0.0016777586538419733,-5.913181811004764e-05
439000000.0,0.0005804038240591372,0.00047699495647463686
439500000.0,0.0017051589223845644,-7.152942878923812e-05
440000000.0,0.0015724836113426117,-5.515704590262316e-05
144000000.0,0.0006128572404430183,1.0916946270748235e-05
144500000.0,0.000505917733216795,1.0409383488957711e-05
145000000.0,0.0005873743065317818,1.8519871720048037e-05
145500000.0,0.0006984982686087258,2.4128017798880598e-05
146000000.0,0.0007890426503826482,2.6092021706030054e-05
420000000.0,0.000806687296505592,-3.276855412581593e-06
420500000.0,0.0008516702566104953,-1.2785145161953007e-05
421000000.0,0.0009647670247114066,-1.1938336471878942e-05
421500000.0,0.0009747133050700985,-9.142197293915056e-06
422000000.0,0.00093080125658081,-7.907145550533354e-06
422500000.0,0.0009275516279128425,-9.690136070467995e-06
423000000.0,0.0009153433267204185,-6.844247631329382e-06
423500000.0,0.0009038641929722256,-6.162381798715724e-06
424000000.0,0.0009144717397539102,-9.768754007030983e-06
424500000.0,0.0008514805703450209,-9.844494289965057e-06
425000000.0,0.0008911521679147598,-8.372706863547357e-06
425500000.0,0.0009132076671513075,-1.0176709040305915e-05
426000000.0,0.0009623266212802339,-1.23592681851087e-05
426500000.0,0.001034559750871263,-1.394143035462271e-05
427000000.0,0.0010743876586479918,-1.529391316566959e-05
427500000.0,0.0011035193497065483,-1.5356429050296918e-05
428000000.0,0.0011188523899275775,-1.534414673656316e-05
428500000.0,0.000973413347153057,-1.3318183299456492e-05
429000000.0,0.0008786747787370843,-1.2807784151777375e-05
429500000.0,0.0007495891010723468,-1.4912579852518523e-05
430000000.0,0.0008353528127871681,-1.271156991274255e-05
430500000.0,0.0009558239451178804,-8.437394148311403e-06
431000000.0,0.0011756017583903638,-1.3886682053789138e-05
431500000.0,0.0012299072714420944,-1.3450865971764523e-05
432000000.0,0.0012676693389373722,-1.4505024205557518e-05
432500000.0,0.0012813486865593836,-1.37530070299758e-05
433000000.0,0.0013503967953453944,-1.9294205456571432e-05
433500000.0,0.001400885632368718,-2.1190382811258847e-05
434000000.0,0.0014373381007001665,-2.6327955768611357e-05
434500000.0,0.0014624759916053445,-2.9690485088049877e-05
435000000.0,0.0014798570121519665,-2.9227679203327325e-05
435500000.0,0.001493203289443507,-3.3627780087255577e-05
436000000.0,0.0015022658275007335,-3.184467321967152e-05
436500000.0,0.0014461763179599008,-2.594204685673516e-05
437000000.0,0.0014461862472208533,-2.820285353549337e-05
437500000.0,0.0014998696574685263,-3.3734119049910025e-05
438000000.0,0.0015920646188281303,-4.580820961619607e-05
438500000.0,0.0016789085603824646,-6.159334141205691e-05
439000000.0,3.2373271350220806e-05,0.0007578427690283435
439500000.0,0.0017220005729334962,-7.440208642328461e-05
440000000.0,0.0015906252822593665,-5.927556035814126e-05
144000000.0,0.0006521839367428221,7.421957456882976e-06
144500000.0,0.0005346621418742303,8.210390828682606e-06
145000000.0,0.0006082080637740678,2.010085285398806e-05
145500000.0,0.0007085137611082368,2.419911682711925e-05
146000000.0,0.0008125036878662299,2.432313025280698e-05
420000000.0,0.0008208346585863356,-4.2978284639296426e-06
420500000.0,0.000836513007161433,-1.621758187816469e-05
421000000.0,0.0009697750239485045,-1.4967522408737421e-05
421500000.0,0.0009864097074216921,-1.0487917741546306e-05
422000000.0,0.0009404030544838463,-8.579410963690887e-06
422500000.0,0.0009273769802996716,-6.594998414377849e-06
423000000.0,0.0009230498816093208,-6.127831879366955e-06
423500000.0,0.0009184921604965638,-8.373644079285986e-06
424000000.0,0.0009224697194511359,-9.793944003300742e-06
424500000.0,0.000864872776176442,-1.0066567248314814e-05
425000000.0,0.0008946401076465762,-1.089240330324335e-05
425500000.0,0.0009267498944209032,-1.1807795028626112e-05
426000000.0,0.0009647400507121675,-1.2261340571061907e-05
426500000.0,0.0010290688190942956,-1.0920429325071905e-05
427000000.0,0.0010914777787956293,-1.407646524735723e-05
427500000.0,0.0011151179362612173,-1.7741308104715344e-05
428000000.0,0.0011512623337149837,-1.8225512645295608e-05
428500000.0,0.000988743408186681,-1.0825494249002491e-05
429000000.0,0.0008974319197542729,-1.1108386514163805e-05
429500000.0,0.0007148797126091906,-1.655439038010404e-05
430000000.0,0.0008253838250259786,-1.3478443824406089e-05
430500000.0,0.0009654530557123735,-9.145522502923828e-06
431000000.0,0.0011754129665331667,-1.2028964813263932e-05
431500000.0,0.0012495544048708896,-1.6874591833618132e-05
432000000.0,0.0012597635408111017,-1.452567531209217e-05
432500000.0,0.0012796466133503663,-1.49659410086542e-05
433000000.0,0.0013594898731878308,-2.0427050524919412e-05
433500000.0,0.0014031529138720396,-2.2337406657684994e-05
434000000.0,0.0014406597342966616,-2.6691567659287115e-05
434500000.0,0.0014624561140512656,-2.8149297123741292e-05
435000000.0,0.001486933457468459,-3.024079479848332e-05
435500000.0,0.0014895238380867378,-3.1032015607990314e-05
436000000.0,0.0014935195693754108,-3.329718542015626e-05
436500000.0,0.0014419301337398793,-2.622298813718932e-05
437000000.0,0.0014365799022332346,-2.5356792108014626e-05
437500000.0,0.0014919569683247082,-3.3134541822506964e-05
438000000.0,0.0016072045124365009,-4.889355205389627e-05
438500000.0,0.0016794668391600133,-6.218420282088594e-05
439000000.0,-0.0008828620021777148,0.0012296090158095652
439500000.0,0.0017170960276201505,-7.455956995525538e-05
440000000.0,0.0015515383185362014,-5.373272134686781e-05
144000000.0,0.0006604683329526365,1.1868152335044031e-05
144500000.0,0.0005444557562520096,6.2896253930471425e-06
145000000.0,0.0006294283713053064,1.576063888908916e-05
145500000.0,0.000692832309251191,2.2037283632022145e-05
146000000.0,0.0007788168061062471,2.4210150354423075e-05
420000000.0,0.0008239302172575117,-3.203026702313523e-06
420500000.0,0.0008514713817655854,-1.3847085116692052e-05
421000000.0,0.0009786542802586694,-1.3989494536806228e-05
421500000.0,0.001003443543085541,-1.2687808931314624e-05
422000000.0,0.0009601606908951292,-1.0235920007967965e-05
422500000.0,0.0009358735848813582,-6.271113559070621e-06
423000000.0,0.0009167620709784766,-6.275962262173264e-06
423500000.0,0.0009190807435848586,-8.047117010961461e-06
424000000.0,0.0009235387330923726,-8.898395888226074e-06
424500000.0,0.0008770834892418536,-1.0537756145704289e-05
425000000.0,0.0009177896371647085,-9.122040075833753e-06
425500000.0,0.0009350149914726922,-9.350302885833717e-06
426000000.0,0.0009847790711548542,-1.1968698750676486e-05
426500000.0,0.00104322683172595,-1.0838590262715914e-05
427000000.0,0.0011065378597162642,-1.5425142451180154e-05
427500000.0,0.0011205675795482723,-1.4837337957480632e-05
428000000.0,0.0011378898316463275,-1.7433716255626072e-05
428500000.0,0.0009539306851897381,-1.2912388379867117e-05
429000000.0,0.0009013026295838632,-1.3381700916640657e-05
429500000.0,0.0007008904360090592,-1.7261005533975143e-05
430000000.0,0.0008392646901846356,-1.180140441082734e-05
430500000.0,0.0009715444620934592,-9.614399330391414e-06
431000000.0,0.0011887833281529606,-1.3399108748375237e-05
431500000.0,0.0012344535276401212,-1.3583996646660903e-05
432000000.0,0.001267897509216314,-1.6345828948005477e-05
432500000.0,0.0012860811019062336,-1.5274032639533417e-05
433000000.0,0.0013630091370271482,-2.147235667899169e-05
433500000.0,0.0014102287223339987,-2.3822541739168678e-05
434000000.0,0.0014540056163714337,-2.7459122595967496e-05
434500000.0,0.0014680233957829632,-2.8859751314226798e-05
435000000.0,0.0014944700164967344,-3.2258725643690774e-05
435500000.0,0.0014960313985799424,-3.291923056841674e-05
436000000.0,0.0014951136059655904,-3.2787432528607246e-05
436500000.0,0.0014434457449012449,-2.5425496068552143e-05
437000000.0,0.0014467429222238446,-2.7310165643669863e-05
437500000.0,0.0014939170178558088,-3.130215393973104e-05
438000000.0,0.0016081817301580165,-4.8775974320914645e-05
438500000.0,0.0016884934625406548,-6.256353365691224e-05
439000000.0,-0.00031419409930323323,0.000919776519371323
439500000.0,0.0017066904534909864,-7.102258405144534e-05
440000000.0,0.0015083656295356565,-4.8865639814948595e-05
144000000.0,0.0006775946073913809,1.490851978570924e-05
144500000.0,0.0005971457100905837,1.2207463615600863e-05
145000000.0,0.000706851197974831,2.206091270516081e-05
145500000.0,0.0008167815715267241,2.2792860425696164e-05
146000000.0,0.000881017911618073,2.3380810404150016e-05
420000000.0,0.0008434470567009158,-4.2707336042916e-06
420500000.0,0.000856536586291651,-1.379195714535884e-05
421000000.0,0.0009828642350540096,-1.530012957390104e-05
421500000.0,0.0009995893952194621,-1.1885421834272305e-05
422000000.0,0.0009458440724349133,-8.684978120993844e-06
422500000.0,0.0009381821637479697,-6.954706412675126e-06
423000000.0,0.00092460609760758,-6.033329214906959e-06
423500000.0,0.0009249776633861517,-7.219331918135715e-06
424000000.0,0.0009364722034975953,-6.714377634997675e-06
424500000.0,0.000885794117397159,-8.704331574447068e-06
425000000.0,0.0009348027280307349,-1.1647315047812922e-05
425500000.0,0.0009385437407928264,-1.0502079750531825e-05
426000000.0,0.0009870114596346705,-1.1661872482001484e-05
426500000.0,0.0010346177181533966,-1.1142712847065248e-05
427000000.0,0.001101113881005726,-1.3853060244201655e-05
427500000.0,0.0011325926808933525,-1.714737390459076e-05
428000000.0,0.0011427488643528192,-1.7228343437553653e-05
428500000.0,0.0009812996276557695,-1.2916552726830096e-05
429000000.0,0.000867382410026815,-1.402006479223011e-05
429500000.0,0.0007453653788001913,-1.5644480185351884e-05
430000000.0,0.000864712210127962,-1.552391507682403e-05
430500000.0,0.0009883527040885336,-9.153669085606352e-06
431000000.0,0.0011958324547720325,-1.5163080824018563e-05
431500000.0,0.001245255690534392,-1.5916112573565227e-05
432000000.0,0.0012771995135059837,-1.6335567202527136e-05
432500000.0,0.001299695944049524,-1.6436194197330003e-05
433000000.0,-0.0026847546211434194,-0.0011057430752301495
433500000.0,-0.011866061203506284,-0.008961012170652089
434000000.0,-0.012432525682890092,-0.010610164477812037
434500000.0,-0.011473993860515034,-0.009095100393652814
435000000.0,0.0014977286449065637,-3.2922152087542004e-05
435500000.0,0.0014997619665610884,-3.274847075833969e-05
436000000.0,0.0015010747384162579,-3.2425276835723144e-05
436500000.0,0.0014520015623942098,-2.762751080033997e-05
437000000.0,0.0014484816202391005,-2.5471983960070215e-05
437500000.0,0.0014947198476379063,-3.251678264149706e-05
438000000.0,0.0016179995310760368,-4.9938255522779824e-05
438500000.0,0.001685852064712725,-6.371072042698676e-05
439000000.0,0.0005537097915437853,0.0005722523936408801
439500000.0,0.0017165532448073285,-7.282400832548625e-05
440000000.0,0.0015370994391686636,-5.176331657001384e-05
Frequency,Mean_Amplitude,Std_Amplitude
144000000.0,-0.00017774743509603783,7.744171853703702e-05
144500000.0,-0.0001915361882506831,7.849946310435417e-06
145000000.0,-0.00026152632914859064,3.561056667971181e-05
145500000.0,-0.0003668202703828362,5.3337910014782463e-05
146000000.0,-0.00046662385194464303,6.962625520937441e-05
420000000.0,-0.0006494935838403686,2.5551659908224545e-05
420500000.0,-0.0007182667223832361,1.4188295910784967e-05
421000000.0,-0.0008669526237673497,1.9815905210909796e-05
421500000.0,-0.0008817218731885038,2.4334204825694686e-05
422000000.0,-0.0008402198751017619,2.487267226545211e-05
422500000.0,-0.0008396566454710497,2.4442022464669882e-05
423000000.0,-0.000820834382884987,2.4556995831989522e-05
423500000.0,-0.0008057967175283752,2.4235346336488952e-05
424000000.0,-0.0008051754480045654,2.409072817685037e-05
424500000.0,-0.0007380454480494372,1.9355335539859972e-05
425000000.0,-0.0007570220608009221,1.8910302068269568e-05
425500000.0,-0.0007747753760283501,1.9650560165426563e-05
426000000.0,-0.0008144160148748851,2.008596496625889e-05
426500000.0,-0.0008936812352689647,2.2498388083924324e-05
427000000.0,-0.0009483412383911735,2.6469695799103864e-05
427500000.0,-0.0009672467940367807,2.3547134693081683e-05
428000000.0,-0.0009753861832860126,2.3195372962742783e-05
428500000.0,-0.0008011635480950726,1.700044204589701e-05
429000000.0,-0.000677346326995022,1.1046597392423346e-05
429500000.0,-0.00038548762684641245,-2.2199271251774557e-05
430000000.0,-0.00043329590356288835,-1.644302832950562e-05
430500000.0,-0.0005978800002629233,4.425762121165945e-06
431000000.0,-0.0009920932107935726,2.61313227193209e-05
431500000.0,-0.0011338461595720793,3.064549289574281e-05
432000000.0,-0.0011843429349595563,2.8929343676112278e-05
432500000.0,-0.0012082148499391585,2.91344011378705e-05
433000000.0,-0.0012716004585780472,3.278993689413931e-05
433500000.0,-0.001329806037570547,2.824060467858283e-05
434000000.0,-0.001351438683454107,2.989254143174291e-05
434500000.0,-0.0013872562042257053,2.613479458412761e-05
435000000.0,-0.0014184030595286007,2.404252967823617e-05
435500000.0,-0.001417684413894224,2.288203862817734e-05
436000000.0,-0.0014130191088054186,2.5172948663784114e-05
436500000.0,-0.0013646310211539814,2.3851914195488922e-05
437000000.0,-0.001348390532006848,2.8028972535924087e-05
437500000.0,-0.0013989862708060706,2.4588456881858995e-05
438000000.0,-0.0015212482483753765,1.0818878341735384e-05
438500000.0,-0.0016040411250336445,-1.2895322958623783e-06
439000000.0,-0.0010915608566557555,0.0002744571187484582
439500000.0,-0.0016236615647010802,-8.45024458831474e-06
440000000.0,-0.0015474460419958125,-3.6461979985091783e-06
144000000.0,-0.0004411378306015546,2.2234704595012893e-05
144500000.0,-0.0003316235075394209,1.9217831969814082e-05
145000000.0,-0.0004586314276237471,3.585075097797283e-05
145500000.0,-0.0005665548119899117,4.826640474015638e-05
146000000.0,-0.0006662789051226809,5.4543470316680095e-05
420000000.0,-0.0007147777183162419,2.0952361844891248e-05
420500000.0,-0.0007474138236753937,1.340238217915974e-05
421000000.0,-0.0009007298261808295,2.014764314234026e-05
421500000.0,-0.0009219618432945221,2.420816878965727e-05
422000000.0,-0.0008610780586912221,2.3691985567656702e-05
422500000.0,-0.0008578351226516398,2.8812533555923867e-05
423000000.0,-0.0008397795223034514,2.5542488314772407e-05
423500000.0,-0.0008227514945206237,2.3652637358577428e-05
424000000.0,-0.000822574176608266,2.3051669756087623e-05
424500000.0,-0.0007627819502528367,2.0931929075062238e-05
425000000.0,-0.0007916322005133248,1.9181431058987175e-05
425500000.0,-0.0007921453031055483,2.0512620323514648e-05
426000000.0,-0.0008413128069783293,2.2793957519753506e-05
426500000.0,-0.0009135632965386319,2.334590051652169e-05
427000000.0,-0.0009613347373369475,2.6359952442468023e-05
427500000.0,-0.0009963265720794525,2.5454950126067806e-05
428000000.0,-0.0010262625196560482,2.2579788549678508e-05
428500000.0,-0.0008312171516166381,1.8258647993520757e-05
429000000.0,-0.000731846980510277,1.3796704058155412e-05
429500000.0,-0.00039004059609240056,-2.1400496885318472e-05
430000000.0,-0.0004866770229340032,-1.1297356524443737e-05
430500000.0,-0.0006541758123400852,6.2036890865308745e-06
431000000.0,-0.0010445491819015612,2.6023607196406034e-05
431500000.0,-0.0011631087396946852,2.8719712380794776e-05
432000000.0,-0.0012041964143306887,2.9184343546929867e-05
432500000.0,-0.001221953275363141,3.002411817706637e-05
433000000.0,-0.0012922481040186606,2.8524001417580236e-05
433500000.0,-0.0013338325748608222,2.8094324892508342e-05
434000000.0,-0.00138209989792673,2.5582262857121242e-05
434500000.0,-0.0014014263741765386,2.3226684608206094e-05
435000000.0,-0.0014205812483215681,2.17741595061505e-05
435500000.0,-0.001422124204373197,2.2062269399606772e-05
436000000.0,-0.0014315178930375645,2.0957008345539784e-05
436500000.0,-0.0013687253792832972,2.6474974068524768e-05
437000000.0,-0.0013677035586269768,2.6533232254583097e-05
437500000.0,-0.0014249966083280385,2.0495163108419843e-05
438000000.0,-0.001523039947133681,1.1580610051595807e-05
438500000.0,-0.0016146759245771307,-2.9053112319618785e-06
439000000.0,0.0009078740935817844,0.0012465730263010242
439500000.0,-0.0016355572422096102,-1.1175246750520533e-05
440000000.0,-0.0015330951130917336,-1.3810824117792593e-06
144000000.0,-0.0004083462092608976,2.4626499923243188e-05
144500000.0,-0.00030401504406238106,2.209077572517361e-05
145000000.0,-0.00044616722359367697,3.63757660682616e-05
145500000.0,-0.0005365377780048617,4.8695053698136114e-05
146000000.0,-0.0006524748996411689,5.564408939359858e-05
420000000.0,-0.0007217423966534387,2.3337740075207494e-05
420500000.0,-0.0007587978712384366,1.4164542213150342e-05
421000000.0,-0.0009085244906563457,2.1908547212167375e-05
421500000.0,-0.0009278554620395256,2.1697320907460123e-05
422000000.0,-0.0008741331630128504,2.4861592223794715e-05
422500000.0,-0.0008815622984428977,2.741106063217969e-05
423000000.0,-0.0009026534465145396,2.7348330848295127e-05
423500000.0,-0.0008892202572896179,2.4995046735014588e-05
424000000.0,-0.0008824747213562091,2.3124126964159222e-05
424500000.0,-0.0008377100948898103,2.1197493842583828e-05
425000000.0,-0.0008631252248028049,2.176855993039166e-05
425500000.0,-0.0008667598234651984,2.2888281247645092e-05
426000000.0,-0.0009007864981398874,2.344976287907585e-05
Frequency,Mean_Amplitude,Std_Amplitude
144000000.0,0.00014340563638974061,6.975019579610521e-05
144500000.0,0.00014863031248289158,-3.008337395882273e-07
145000000.0,0.0001808388497142258,1.5560161451427623e-05
145500000.0,0.00022255713659626703,3.095930949323628e-05
146000000.0,0.00030820012594722895,3.9124062040473955e-05
420000000.0,0.0004274645869574308,-8.594255312990274e-06
420500000.0,0.0005212008521632738,-2.4995308152476488e-05
421000000.0,0.0007408119766510692,-2.1296914477735416e-05
421500000.0,0.0008006973919386593,-2.435465226886041e-05
422000000.0,0.0007687124710612555,-1.8653130037420304e-05
422500000.0,0.0007467723060104548,-1.6319327265194644e-05
423000000.0,0.0007082906960527633,-1.580621144316658e-05
423500000.0,0.0006994205063382035,-1.5844423758944827e-05
424000000.0,0.0006939226984699917,-1.5849045375817992e-05
424500000.0,0.0006149869384985916,-1.643571850532997e-05
425000000.0,0.000618703844560152,-1.5200355618811088e-05
425500000.0,0.0006089066816448859,-1.8073606063100925e-05
426000000.0,0.0006364916430941809,-1.5396690017027623e-05
426500000.0,0.0007302694588652154,-2.0528792252730868e-05
427000000.0,0.0008023021056580597,-2.1534782596267766e-05
427500000.0,0.0008501170801397414,-2.3236408418976447e-05
428000000.0,0.0008852766698136814,-2.7008628140057475e-05
428500000.0,0.00069638118146805,-2.1121035174181994e-05
429000000.0,0.0005146797864955277,-2.158373903236398e-05
429500000.0,0.0003175097897034317,-3.355756421628929e-05
430000000.0,0.00030021915306918223,-3.374735902119444e-05
430500000.0,0.0005126689292882504,-2.432040860577208e-05
431000000.0,0.0009199442159966074,-2.979645658226197e-05
431500000.0,0.001040781356422803,-3.221746535315991e-05
432000000.0,0.0010597967535465017,-3.411317350873378e-05
432500000.0,0.0010821270036345044,-3.3590851149935846e-05
433000000.0,0.001156613885467312,-4.188601508415172e-05
433500000.0,0.001197223664084317,-4.471950990348886e-05
434000000.0,0.0012198668721519301,-4.519589227850809e-05
434500000.0,0.0012379321374233051,-4.645694534860502e-05
435000000.0,0.0012554636235338741,-4.927713046800065e-05
435500000.0,0.0012599629578599883,-5.142306786205279e-05
436000000.0,0.0012636341911221574,-5.06312480396095e-05
436500000.0,0.0012000191670883049,-4.3716057664820455e-05
437000000.0,0.0011941151336908112,-4.2842348903018165e-05
437500000.0,0.0012371062411602263,-4.849412894896553e-05
438000000.0,0.001353243304142184,-6.74406502617241e-05
438500000.0,0.0014337073892113676,-8.130977810174412e-05
439000000.0,0.0011350618151388253,8.590432570699195e-05
439500000.0,0.0014409181281771796,-8.609426556685794e-05
440000000.0,0.001335472595905574,-7.44883144954739e-05
144000000.0,0.00030983447188405965,3.419687131522034e-06
144500000.0,0.00016181513630567212,-3.431153042524842e-06
145000000.0,0.0002402514440825659,8.42646565371124e-06
145500000.0,0.0002899042831730063,2.0866412386259916e-05
146000000.0,0.0004375711375063206,2.147400735406279e-05
420000000.0,0.0004712140605998314,-1.3311027712949293e-05
420500000.0,0.0005164540793709266,-2.268435764512295e-05
421000000.0,0.0007394797155919685,-2.3090643474357498e-05
421500000.0,0.0007966022593310168,-2.0427877385739626e-05
422000000.0,0.0007714988308068653,-1.8575188887286072e-05
422500000.0,0.000742010466936842,-1.4328414226537567e-05
423000000.0,0.0007288193486691039,-1.697042171047384e-05
423500000.0,0.0006908971235972886,-1.451072157012089e-05
424000000.0,0.0006806076376303633,-1.6577674233934618e-05
424500000.0,0.0005846211098845889,-1.718369035472119e-05
425000000.0,0.0005994788578272219,-1.6840290768844513e-05
425500000.0,0.000619928512185608,-1.8412810775989504e-05
426000000.0,0.0006744660607814428,-1.8060280923063068e-05
426500000.0,0.0007532499398738488,-2.061050478867608e-05
427000000.0,0.0008166257594872514,-2.207680663040303e-05
427500000.0,0.0008773121941763678,-2.4734090777593776e-05
428000000.0,0.0009144695136133443,-2.549367980314757e-05
428500000.0,0.0007471044961093379,-2.1810148749320732e-05
429000000.0,0.0006757766796192255,-2.1209946169805333e-05
429500000.0,0.00046216673971719816,-2.3853503890856974e-05
430000000.0,0.00046597140527576626,-2.4539716782256653e-05
430500000.0,0.0006161575277442091,-2.108326392259207e-05
431000000.0,0.0009427354333258361,-2.9120088704550753e-05
431500000.0,0.0010457147069836993,-3.3406109422929876e-05
432000000.0,0.0010748864889565267,-3.509870764261221e-05
432500000.0,0.0010666851509400267,-3.138747599161477e-05
433000000.0,-0.00017665650435076983,2.730267974699322e-05
433500000.0,0.001198165857806049,-4.2735522863564806e-05
434000000.0,0.0012218495323981034,-4.6000426612090035e-05
434500000.0,0.0012357026886995219,-4.8450104199235176e-05
435000000.0,0.0012566746354855066,-4.994201826025725e-05
435500000.0,0.001253574320340227,-5.0230637882744305e-05
436000000.0,0.0012629543734571044,-5.1721752092843646e-05
436500000.0,0.0011982380679658375,-4.303762197044101e-05
437000000.0,0.001202431032956817,-4.3120606051248005e-05
437500000.0,0.0012445843080157656,-5.2689965557038075e-05
438000000.0,0.0013528870656867112,-6.812082906344617e-05
438500000.0,0.001434844961648742,-8.204812175800706e-05
439000000.0,0.00046933662076413426,0.0004419300523795134
439500000.0,0.0014396543000167402,-8.680696517559885e-05
440000000.0,0.0013137973385211365,-7.103144520419308e-05
144000000.0,0.00043016077742255744,3.816050913547325e-06
144500000.0,0.0003059222839886404,4.972057594022733e-06
145000000.0,0.00037473085774671376,1.038214003879749e-05
145500000.0,0.0004590335046934365,1.617410412297334e-05
146000000.0,0.0004993398685732027,2.1048641282907384e-05
420000000.0,0.0004882063092783122,-1.1063168471863846e-05
420500000.0,0.0005161713774746185,-2.395410065501463e-05
421000000.0,0.0007454880258758043,-2.0441141763322238e-05
421500000.0,0.0008115327987049482,-2.3231724671331743e-05
422000000.0,0.0007651944177782992,-1.7652470008400912e-05
422500000.0,0.000744271812750502,-1.7345594881767995e-05
423000000.0,0.0007084172306954947,-1.4970388374476981e-05
423500000.0,0.0006620447243806768,-1.4448405337970224e-05
424000000.0,0.0006385445145569938,-1.621944013807939e-05
424500000.0,0.0005505618866559559,-1.7492428389298452e-05
425000000.0,0.0004993810188032055,-1.5765011232196545e-05
425500000.0,0.0005325342320566729,-1.7108190303890257e-05
426000000.0,0.0006097415666732617,-1.71288637879755e-05
426500000.0,0.0007219290574394645,-2.151456903725807e-05
427000000.0,0.0007439365113920619,-1.8142218256295924e-05
427500000.0,0.0008185264044282323,-2.2243833918727492e-05
428000000.0,0.0008663442131554677,-2.3226203719456517e-05
428500000.0,0.0007279218957161022,-2.192661224634401e-05
429000000.0,0.0006823235146342683,-1.8782709882464336e-05
429500000.0,0.0004879787542748574,-2.1412237438026222e-05
430000000.0,0.00048151819378052587,-2.155132340242621e-05
430500000.0,0.0006446034416375951,-1.8985005422595575e-05
431000000.0,0.0009221898068494604,-2.655162577953582e-05
431500000.0,0.0010201541247139227,-2.740237853295049e-05
432000000.0,0.001035787760248306,-2.871188784181353e-05
432500000.0,0.0010503572389802462,-2.9586067591327132e-05
433000000.0,0.0011039984742808651,-3.0737893561751705e-05
433500000.0,0.0011456378659930957,-3.641714788094017e-05
434000000.0,0.0011809430053234937,-3.8444295521279865e-05
434500000.0,0.0011972735320128958,-3.964554148188891e-05
435000000.0,0.0012244563250828468,-4.4077961939058185e-05
435500000.0,0.001234768159723391,-4.5249167205278404e-05
436000000.0,0.0012462815572855147,-4.6461325865459936e-05
436500000.0,0.001181724675287498,-4.07271248488393e-05
437000000.0,0.0011901341257764453,-4.179078203447918e-05
437500000.0,0.0012429626173811276,-4.976778274021167e-05
438000000.0,0.0013445340445234768,-6.453357058626298e-05
438500000.0,0.0014306298250957045,-8.000740751586133e-05
439000000.0,0.0011461925335691959,6.842475555961614e-05
439500000.0,0.0014107990242998927,-8.055905801113973e-05
440000000.0,0.0012611240671454636,-6.454959948380066e-05
144000000.0,0.0004648570989671281,3.2454329664877883e-06
144500000.0,0.00034242987058363296,6.246663212376887e-06
145000000.0,0.00042881770669925295,1.2575700821816846e-05
145500000.0,0.0004993468003676092,1.582691527009762e-05
146000000.0,0.0005839403928691809,1.7150275621675883e-05
420000000.0,0.0006658692678596706,-1.153390052962579e-05
420500000.0,0.0007103715027214188,-2.0660581751078332e-05
421000000.0,0.0007357072900755407,-2.1851308171799072e-05
421500000.0,0.0007132083485348934,-1.8816858120363983e-05
422000000.0,0.0006803281936107184,-1.6245138829015224e-05
422500000.0,0.0006484723895865658,-1.5102769949811136e-05
423000000.0,0.0006455151659894823,-1.4753454666241208e-05
423500000.0,0.0006262244574185149,-1.3684704110297131e-05
424000000.0,0.0006185560124503984,-1.648419271260309e-05
424500000.0,0.0005382009002523249,-1.6066028489291884e-05
425000000.0,0.0005650241910236667,-1.8071292906169148e-05
425500000.0,0.0005916646276430626,-1.6326637065134457e-05
426000000.0,0.0006452924019814591,-1.8701185801863254e-05
426500000.0,0.0007235254407283446,-1.928467733594667e-05
427000000.0,0.0007794831486290957,-2.350371128943368e-05
427500000.0,0.0008367497363681142,-2.356640321844366e-05
428000000.0,0.0008749992162349487,-2.7923095986270913e-05
428500000.0,0.0007432910467258618,-2.129089750640478e-05
429000000.0,0.0006646456172329036,-2.043121998286752e-05
429500000.0,0.0004220116882299415,-2.4006422631045585e-05
430000000.0,0.0004390867832824912,-2.3757085985780897e-05
430500000.0,0.0006045337864038967,-1.7747066371672638e-05
431000000.0,0.0009158334603987145,-2.6351233255520577e-05
431500000.0,0.001022062978408905,-2.9315432375559245e-05
432000000.0,0.0010416077081567326,-3.057056155725608e-05
432500000.0,0.00105931665626854,-2.800907648785892e-05
433000000.0,0.001116793769856031,-3.426414205276143e-05
433500000.0,0.0011433897368616959,-3.503638082760004e-05
434000000.0,0.0011762570106078581,-3.835772980635624e-05
434500000.0,0.0011988262925645252,-4.109655876999323e-05
435000000.0,0.0012320460765782675,-4.581026048970535e-05
435500000.0,0.0012300347316631449,-4.610640262582451e-05
436000000.0,0.0012396642878321233,-4.706373565142989e-05
436500000.0,0.001186071782552514,-4.2800194003566254e-05
437000000.0,0.0011975989394177903,-4.3725230473457226e-05
437500000.0,0.0012416046006214303,-4.888316146978714e-05
438000000.0,0.0013518297248515637,-6.580472493477261e-05
438500000.0,0.0014268208353198763,-8.243621591514711e-05
439000000.0,-8.885034236084519e-05,0.0006926679808665143
439500000.0,0.0014093490258182669,-8.301932016006458e-05
440000000.0,0.001274421049970569,-6.489111366607575e-05
144000000.0,0.00043309540326255967,1.3681886196260848e-06
144500000.0,0.00029493066728997246,9.148704871973398e-07
145000000.0,0.0003677034100206665,1.1363176080412494e-05
145500000.0,0.0004541409691423219,1.390245304334337e-05
146000000.0,0.0005529466353779423,1.6949072770386406e-05
420000000.0,0.0006694598134480842,-1.1573534142217365e-05
420500000.0,0.0007213492719900719,-2.015958251667255e-05
421000000.0,0.0007513871291721062,-2.1346184967370032e-05
421500000.0,0.0007316399571317445,-1.8871654412391965e-05
422000000.0,0.0006967891889366466,-1.6671424008590618e-05
422500000.0,0.0006531658597442175,-1.4764153031443908e-05
423000000.0,0.0006419275839688248,-1.5558491809044504e-05
423500000.0,0.0006305154721325076,-1.537378586168653e-05
424000000.0,0.000616548223019774,-1.549864796515775e-05
424500000.0,0.0005216183315222087,-1.7571966001842104e-05
425000000.0,0.0005498381722180877,-1.6872370808175584e-05
425500000.0,0.0005859943126484298,-1.732276980186715e-05
426000000.0,0.0006321817858779466,-1.7953935415950945e-05
426500000.0,0.0007181355153021382,-1.9073034302316415e-05
427000000.0,0.0007900576367893907,-2.1547853834949537e-05
427500000.0,0.0008254863635627439,-2.3202874634736794e-05
428000000.0,0.000867433850932068,-2.450984938522285e-05
428500000.0,0.0006745485710313961,-2.0554296678255825e-05
429000000.0,0.0004992197935751533,-2.445970704493666e-05
429500000.0,0.00039722161595180227,-2.465343202655211e-05
430000000.0,0.0004235007835805014,-2.410719235191849e-05
430500000.0,0.00060179341543895,-1.9657586468642115e-05
431000000.0,0.0009204716065039747,-2.374677181615939e-05
431500000.0,0.0010168816784662874,-2.5573844934564843e-05
432000000.0,0.0010455721706878933,-3.103373031097531e-05
432500000.0,0.001058506197436285,-2.9775026865454548e-05
433000000.0,0.0011199959763654043,-3.433113468625282e-05
433500000.0,0.0011588922473899318,-3.72349360447466e-05
434000000.0,0.0011882567583732335,-3.8937607226562533e-05
434500000.0,0.001204847330195381,-4.101028884456e-05
435000000.0,0.0012288729113924613,-4.377121033319683e-05
435500000.0,0.0012374898297118375,-4.6815736461460424e-05
436000000.0,0.0012524654031654757,-4.901186540432937e-05
436500000.0,0.0011926387516087746,-4.19240074224549e-05
437000000.0,0.0011975941134352978,-4.310714353551639e-05
437500000.0,0.0012412920024821384,-4.628407089066932e-05
438000000.0,0.001334166717575614,-6.280929695833729e-05
438500000.0,0.0014266630710415946,-7.812949989062851e-05
439000000.0,0.0006656056793058716,0.0002944282805578932
439500000.0,0.0014200807445712675,-8.266245015945214e-05
440000000.0,0.0012594546181978112,-6.236869648724525e-05
144000000.0,0.0003496570008329841,8.730452654217599e-06
144500000.0,0.00025152101869999147,1.7754386301567211e-06
145000000.0,0.0003356222787424895,1.0022450691542354e-05
145500000.0,0.00046283471340910183,1.7379970809994434e-05
146000000.0,0.0005205783146134532,1.9612843784652807e-05
420000000.0,0.0006614840342860956,-1.1700759284754099e-05
420500000.0,0.0007078297642764533,-2.1457945310837784e-05
421000000.0,0.0007400602272162236,-2.1664612373015375e-05
421500000.0,0.0007227887895776291,-2.1334062684826855e-05
422000000.0,0.000653827725774974,-1.5466464457701605e-05
422500000.0,0.0006346493494298014,-1.3472773210169166e-05
423000000.0,0.0006357238199614331,-1.4527432019673252e-05
423500000.0,0.0006241694482867748,-1.5548362834221077e-05
424000000.0,0.0006088219246291682,-1.6957561785502883e-05
424500000.0,0.0005241600915762085,-1.5233005361334267e-05
425000000.0,0.0005536732696876428,-1.736830016586497e-05
425500000.0,0.0005477875099527928,-1.9388829337039183e-05
426000000.0,0.0006085677541503842,-1.8707294277667083e-05
426500000.0,0.0006990153138359106,-1.7894598493910777e-05
427000000.0,0.0007664220212136897,-2.1050720701477535e-05
427500000.0,0.0008170589723610821,-2.318549574348231e-05
428000000.0,0.0008558896084231832,-2.2167614016459317e-05
428500000.0,0.0007432308604756947,-2.08576187710775e-05
429000000.0,0.0006630447806674773,-1.9404383385642114e-05
429500000.0,0.00040775732074112297,-2.3287237636772062e-05
430000000.0,0.00039772907812406075,-2.4722336921410243e-05
430500000.0,0.0005779417358438018,-1.7103491189074805e-05
431000000.0,0.0008996996269643104,-2.3386442999812387e-05
431500000.0,0.0010147628117958,-2.859742041409091e-05
432000000.0,0.0010342689591827316,-2.8108606786678425e-05
432500000.0,0.0010448293095113867,-2.833488603285312e-05
433000000.0,0.0011177148514878532,-3.502699166090552e-05
433500000.0,0.0011513192119967642,-3.674125020762833e-05
434000000.0,0.001183330567142583,-4.011446313628666e-05
434500000.0,0.0011998522043526524,-4.2092729580654615e-05
435000000.0,-0.00023251890201671872,-0.00028958973726521154
435500000.0,0.0012288473440416586,-4.470237794055078e-05
436000000.0,0.0012514862785216337,-4.9061996037163274e-05
436500000.0,0.0011808248097433817,-4.001603999534212e-05
437000000.0,0.0011889872128262877,-4.3469136868337776e-05
437500000.0,0.0012354860452221117,-4.8323080582054096e-05
438000000.0,0.0013268626848107195,-6.289277222631304e-05
438500000.0,0.001426635119623219,-8.04625037215836e-05
439000000.0,0.0004307953999342382,0.000411847311989517
439500000.0,0.001407377450264035,-8.331524871697873e-05
440000000.0,0.0012977161953739772,-6.768222237025275e-05
144000000.0,0.0004357436106404135,1.5048072621787513e-06
144500000.0,0.00030922618706222775,-9.235072958267699e-07
145000000.0,0.00038323794527793327,1.2432245497233479e-05
145500000.0,0.0004669452857581613,1.3708642957443898e-05
146000000.0,0.0005429637563073547,1.7765361781525528e-05
420000000.0,0.000682113420051074,-1.1900240561931004e-05
420500000.0,0.0007234640746344963,-2.2310218116847685e-05
421000000.0,0.0007519864304620192,-2.000515342684411e-05
421500000.0,0.0007203668654674182,-2.0310697872594894e-05
422000000.0,0.0006834444775310995,-1.790778744905465e-05
422500000.0,0.0006657125396021693,-1.355460762413881e-05
423000000.0,0.0006437565704002624,-1.5602729010510203e-05
423500000.0,0.0006317673444287549,-1.5233697195871607e-05
424000000.0,0.0006287635921993732,-1.6706952211707347e-05
424500000.0,0.0005456990919259008,-1.8512206353226625e-05
425000000.0,0.0005665138992801347,-1.7385644356004013e-05
425500000.0,0.0005765527295180175,-1.7995358538695657e-05
426000000.0,0.0006496378203488304,-1.8526321304430258e-05
426500000.0,0.0007496150603845003,-1.995611930377457e-05
427000000.0,0.0008121799554448989,-2.322075612219283e-05
427500000.0,0.0008310246953156128,-2.3050706109941176e-05
428000000.0,0.0008775893886821011,-2.6801206960002727e-05
428500000.0,0.0007649505857332422,-2.1668393574048945e-05
429000000.0,0.0005738514168327986,-1.8637108775010735e-05
429500000.0,0.00025383359895073793,-3.764622264592684e-05
430000000.0,0.0001822721287063919,-4.371210115329907e-05
430500000.0,0.0003986591002539666,-2.8382863283191877e-05
431000000.0,0.0008697155220038705,-2.355717910274353e-05
431500000.0,0.001015989832687319,-2.911836889120984e-05
432000000.0,0.0010463574695245917,-2.9415880903852134e-05
432500000.0,0.0010667241970565163,-3.130252977786232e-05
433000000.0,0.0011326392425407253,-3.5451491131099714e-05
433500000.0,0.0011715361953015006,-4.118297824491319e-05
434000000.0,0.0011838581678448273,-4.15070083099157e-05
434500000.0,0.0012039930542904174,-4.137558076193442e-05
435000000.0,0.0012329958175239272,-4.6237667340328246e-05
435500000.0,0.001235130696605948,-4.4947334131331254e-05
436000000.0,0.001245025846034923,-4.655640881966261e-05
436500000.0,0.001182996104995749,-4.141273326300572e-05
437000000.0,0.0011796484493848533,-3.915588700492078e-05
437500000.0,0.0012252758772481665,-4.608964060917111e-05
438000000.0,0.001321695521316073,-5.8766134575401556e-05
438500000.0,0.0014205496228243228,-7.834907141618467e-05
439000000.0,-4.4919952206006685e-05,0.0007217925220415907
439500000.0,0.001445519476541837,-8.739278335978637e-05
440000000.0,0.0013454871299815234,-7.436753364388215e-05
144000000.0,0.0004974729218965244,1.1076081259327011e-06
144500000.0,0.00037591125405107503,6.160345926503716e-06
145000000.0,0.0003977911143877582,1.2834954113951297e-05
145500000.0,0.0004223280338306191,1.801191124901405e-05
146000000.0,0.0005056122655950345,1.944986208946276e-05
420000000.0,0.000448386147459009,-1.3777144467667876e-05
420500000.0,0.0004675212268106498,-2.4445720572492188e-05
421000000.0,0.0007143035353752642,-2.0074900633609887e-05
421500000.0,0.0007699554582445642,-2.1999919680656813e-05
422000000.0,0.0007298381896933206,-1.7285417802966375e-05
422500000.0,0.0006951561893827512,-1.6653763195241896e-05
423000000.0,0.0006928190047803342,-1.5664903037559055e-05
423500000.0,0.0006608163391645829,-1.643088552388995e-05
424000000.0,0.0006511945097011774,-1.4794255740498866e-05
424500000.0,0.0005773016575115258,-1.6369779323778784e-05
425000000.0,0.0005825163277082731,-1.646418307494183e-05
425500000.0,0.0006047006110739398,-1.8309809243917025e-05
426000000.0,0.0006558810183260925,-2.0667669718735615e-05
426500000.0,0.0007323653525164377,-1.847109164667234e-05
427000000.0,0.0007826633378871778,-2.2104162304397302e-05
427500000.0,0.0008224795632408892,-2.3910901539277798e-05
428000000.0,0.0008775270949312144,-2.4192752944486102e-05
428500000.0,0.0007307303520043415,-1.9141165858579524e-05
429000000.0,0.0006073909282956413,-1.9546830437671386e-05
429500000.0,0.0003617259370417467,-2.7415757925866004e-05
430000000.0,0.0004084349039168764,-2.5887426907667587e-05
430500000.0,0.0005647905248701462,-2.0546888493879418e-05
431000000.0,0.0009210001078673173,-2.5873100089093566e-05
431500000.0,0.0010141490487325603,-2.8194694486156898e-05
432000000.0,0.0010334395981374449,-2.8692161404365123e-05
432500000.0,0.0010684155734877697,-3.255359466578211e-05
433000000.0,0.00113237427342487,-3.6342421303041084e-05
433500000.0,0.0011672661068742663,-3.852763730932913e-05
434000000.0,0.0011899534332360832,-4.124265123253658e-05
434500000.0,0.0012247270266034227,-4.434364682826912e-05
435000000.0,0.0012421987932439153,-4.877002310802631e-05
435500000.0,0.0012466771135613386,-4.8983662527608345e-05
436000000.0,0.0012630374575766097,-5.159072517943006e-05
436500000.0,0.0011984185646565738,-4.536807643718418e-05
437000000.0,0.0012000799877728123,-4.412000290362891e-05
437500000.0,0.0012493256417047734,-5.18831610053645e-05
438000000.0,0.001335345890866203,-6.547919554438404e-05
438500000.0,0.001426338436698945,-8.191221721055965e-05
439000000.0,-0.00040976979862981624,0.0008477569224892727
439500000.0,0.0014232889555653655,-8.586224221330796e-05
440000000.0,0.0013512026705913582,-7.564419564684255e-05
144000000.0,0.00046809662733406164,5.893681213435444e-06
144500000.0,0.0003514172613810303,2.568418776184127e-06
145000000.0,0.0004132387588810955,7.121868275068068e-06
145500000.0,0.00047359234636669325,1.578211596506463e-05
146000000.0,0.0005197675779611743,1.7539600036220674e-05
420000000.0,0.0005303349938318765,-1.1227968329328047e-05
420500000.0,0.0005664050124459898,-1.9913274563727335e-05
421000000.0,0.0007043588974213058,-2.0899988872331064e-05
421500000.0,0.0007324775243153027,-2.0649717460732502e-05
422000000.0,0.0006799994365886383,-1.6519412377666715e-05
422500000.0,0.0006657333110907099,-1.523767815765086e-05
423000000.0,0.0006491899159761437,-1.5066291781110721e-05
423500000.0,0.0006334371403299884,-1.4764247108466884e-05
424000000.0,0.0006195476797051266,-1.590515754769108e-05
424500000.0,0.0005402328398399685,-1.715993365484626e-05
425000000.0,0.0005642204491083441,-1.6646285146132278e-05
425500000.0,0.0005680647370460683,-1.766539992764421e-05
426000000.0,0.0006124480252909379,-1.6499203984866635e-05
426500000.0,0.0006972374801551876,-2.1812497542927807e-05
427000000.0,0.000758158682770713,-2.018390422658745e-05
427500000.0,0.000818305083070817,-2.4176344215394083e-05
428000000.0,0.0008533444577101855,-2.6374749303486454e-05
428500000.0,0.0007320242204878245,-1.9973589103622546e-05
429000000.0,0.0006566526751798067,-1.748732921564434e-05
429500000.0,0.00038285103538703393,-2.516140785668833e-05
430000000.0,0.0003742033543580497,-2.8305585373046857e-05
430500000.0,0.0005331220481409798,-1.9414584782395787e-05
431000000.0,0.0009077527253718784,-2.5198591974885857e-05
431500000.0,0.0010216436982651207,-2.936256729863755e-05
432000000.0,0.0010351749088598633,-2.9704730567560006e-05
432500000.0,0.001071612291874304,-3.393062230547044e-05
433000000.0,0.001137132571854363,-3.875448829293902e-05
433500000.0,0.00117488898078201,-4.1512170648734704e-05
434000000.0,0.0012068428587750496,-4.419167175998488e-05
434500000.0,0.0012310811766531907,-4.6172261637090625e-05
435000000.0,0.0012540785275259826,-5.0185411863572295e-05
435500000.0,0.0012500971816144621,-4.924115647012107e-05
436000000.0,0.0012655945337821672,-5.209348127726716e-05
436500000.0,0.0012132711063783115,-4.664184546445946e-05
437000000.0,0.001202259699650031,-4.565637544282048e-05
437500000.0,0.0012503606594766541,-5.233261895631476e-05
438000000.0,0.001335136698014963,-6.51093684126899e-05
438500000.0,0.001430399916597814,-8.07291057396657e-05
439000000.0,0.0010340677315175152,0.0001386155552428064
439500000.0,0.0014254001992229394,-8.694794219822036e-05
440000000.0,0.0013578208852384982,-7.690097475795614e-05
